Siret;UAI validée;Raison sociale;Enseigne;numero_declaration_activite;etat_administratif;Nature;Adresse;Académie;Région;Qualiopi;Réseaux;Réseaux à jour;Nombre de relations;Nombre de lieux de formation;Date d'import;UAI probable;UAI potentielle 1;UAI potentielle 2;
41953572900034;0301791J;FORMATIONS CEVENNES AVENIR;;91300316130;actif;responsable_formateur;DOMAINE DE FONSANGES 30610 SAUVE;Montpellier;Occitanie;Oui;mfr;;;2;2022-06-27;0301791J;0301791J;;
33363402000015;0631582C;MAISON FAMILIALE RURALE EDUCAT & ORIENTA;;84630493963;actif;inconnue;12 Rue des Dômes 63260 Thuret;Clermont-Ferrand;Auvergne-Rhône-Alpes;Oui;mfr;mfr;;;2022-03-27;;0631582C;;
49050252300023;0134350H;MAISON FAMILIALE DE LA ROQUE D ANTHERON;;93131736613;actif;responsable_formateur;Chemin de la Dévalade 13640 La Roque-d'Anthéron;Aix-Marseille;Provence-Alpes-Côte d'Azur;Oui;;mfr;;1;2022-03-21;0134350H;0134350H;;
30293254600013;0693053U;MAISON FAMILIALE RURALE EDUCATION ORIENT;;82691148969;actif;responsable_formateur;Saint-Romain-de-Popey;Lyon;Auvergne-Rhône-Alpes;Oui;mfr;mfr;;1;2022-03-21;0693053U;0693053U;;
78083909800016;0271400A;MAISON FAMILIALE RURALE;;23270169927;actif;responsable_formateur;Avenue du Général de Gaulle 27350 Routot;Normandie;Normandie;Oui;;mfr;;1;2022-02-14;0271400A;0271400A;;
39041394600042;9711015B;MAISON FAMILIALE RURALE D EDUCATION ET D ORIENTATION  DE BAIE MAHAULT;;1973353997;actif;inconnue;Budan 97122 Baie-Mahault;Guadeloupe;Guadeloupe;Oui;;mfr;;;2022-02-11;;9711015B;;
77741768400019;0221734R;MAISON FAMILIALE RURALE MOULIN DE COLVE;;53220895622;actif;responsable_formateur;Rue de Colvé 22190 Plérin;Rennes;Bretagne;Oui;mfr;mfr;;1;2022-01-25;0221734R;0221734R;;
78616257800011;0491833B;MAISON FAMIL RURALE EDUC BEAUFORT ANJOU;;52490380649;actif;inconnue;La Blinière 49250 Beaufort-en-Anjou;Nantes;Pays de la Loire;Oui;mfr;mfr;;;2022-01-25;0491833B;0491833B;;
31460417400016;9710996F;MAISON FAMILIALE RURALE;;1973333397;actif;inconnue;Cadet 97115 Sainte-Rose;Guadeloupe;Guadeloupe;Oui;mfr;mfr;;;2022-01-25;9710996F;9710996F;;
40150716500017;0492259P;MAISON FAMILIALE RURALE D'EDUCATION ET D'ORIENTATION LE CEDRE;;52490284149;actif;responsable_formateur;10 Rue des Claveries 49124 Saint-Barthélemy-d'Anjou;Nantes;Pays de la Loire;Oui;mfr;mfr;;1;2022-01-25;0492259P;0492259P;;
78647181300018;0851231B;MAISON FAMILIALE RURALE;;;actif;responsable_formateur;10 Rue de la palle 85580 Saint-Michel-en-l'Herm;Nantes;Pays de la Loire;Non;;mfr;;;2022-01-25;0851231B;0851231B;;
78338470400012;0550909P;MAISON FAMILIALE RURALE D'EDUCATION ET D'ORIENTATION DE BRAS SUR MEUSE;;41550026155;actif;responsable_formateur;14 Avenue Raymond Poincare 55100 Bras-sur-Meuse;Nancy-Metz;Grand Est;Oui;mfr;mfr;;2;2022-01-25;0550909P;0550909P;;
81206220600014;0040577F;MAISON FAMILIALE RURALE D EDUCATION ET D ORIENTATION DE BLEONE DURANCE;;93040100404;actif;responsable_formateur;1 Rue Victorin-maurel 04160 Château-Arnoux-Saint-Auban;Aix-Marseille;Provence-Alpes-Côte d'Azur;Oui;mfr;mfr;;;2022-01-25;0040577F;0040565T;0040577F;
30721264700019;0451247L;MAISON FAMILIALE RURALE D EDUCATION;;24450367645;actif;responsable_formateur;32 Place Pasteur 45230 Sainte-Geneviève-des-Bois;Orléans-Tours;Centre-Val de Loire;Oui;mfr;mfr;1;2;2022-01-25;0451247L;0451247L;0451691U;
78088962200012;0501592J;MAISON FAMILIALE RURALE EDUCAT ET ORIENT;;28500133150;actif;responsable_formateur;route de lessay mobecq 50250 La Haye;Normandie;Normandie;Oui;mfr;mfr;;1;2022-01-25;0501592J;0501592J;;
78092782800027;0501671V;MAISON FAMILIALE RURALE DE LA HAGUE;;25500116950;actif;responsable_formateur;6 Allée du Clocher Urville-nacquev 50460 La Hague;Normandie;Normandie;Oui;mfr;mfr;;1;2022-01-25;0501671V;0501671V;;
78646785200012;0851238J;MAISON FAMILIALE RURALE EDUCAT ORIENTAT;;52850219285;actif;responsable_formateur;Rue de la chesselière 85160 Saint-Jean-de-Monts;Nantes;Pays de la Loire;Oui;mfr;mfr;;1;2022-01-25;0851238J;0851238J;;
78151401300015;0861128J;MAISON FAMILIALE RURALE DE FONTEVEILLE;;54860097086;actif;responsable_formateur;Lieu Dit Fonteveille 86100 Châtellerault;Poitiers;Nouvelle-Aquitaine;Oui;mfr;mfr;;2;2022-01-25;0861128J;0861128J;;
78092793500012;0501619N;MAISON FAMILIALE RURALE VAINS-ST   SENIER;;28500142450;actif;responsable_formateur;14 Route des Granges 50300 Vains;Normandie;Normandie;Oui;mfr;mfr;1;2;2022-01-25;0501619N;0501619N;;
43320759400030;;MAISON FAMILIALE DU LITTORAL OUEST;;96973042897;actif;inconnue;Avenue Paule Berthelot 97360 Mana;Guyane;Guyane;Oui;mfr;mfr;;;2022-01-25;;9730367L;;
78100707500026;0762306U;MAISON FAMILIALE HAVRE RURAL;;23760484376;actif;responsable_formateur;1940 Route de Tancarville 76430 La Cerlangue;Normandie;Normandie;Oui;mfr;mfr;;1;2022-01-25;0762306U;0762306U;;
78125674800026;0161043X;MAISON FAMILIALE RURALE DE SAINT PROJET;MAISON FAMILIALE RURALE DE SAINT PROJET;75160106716;actif;responsable_formateur;Lieu Dit la Carte 16110 La Rochefoucauld-en-Angoumois;Poitiers;Nouvelle-Aquitaine;Oui;mfr;mfr;;1;2022-01-25;0161043X;0161043X;;
78123152700016;;MFR DE LA PERUSE HAUTE CHARENTE;;75160105816;actif;inconnue;5 Rue de l’Union 16270 Terres-de-Haute-Charente;Poitiers;Nouvelle-Aquitaine;Oui;;mfr;;;2022-01-25;;0160999Z;;
81078507100012;;MAISON FAMILIALE RURALE D'EDUCATION ET D'ORIENTATION DU SUD;;6970008897;actif;inconnue;Village de Malamani 97620 Chirongui;Mayotte;Mayotte;Oui;;mfr;;;2022-01-25;;9760453N;;
78092068200017;0501597P;MAISON FAMILIALE RURALE EDUCAT ET ORIENT;;25500018450;actif;responsable_formateur;La Salmonerie 50490 Saint-Sauveur-Villages;Normandie;Normandie;Oui;mfr;mfr;;1;2022-01-25;0501597P;0501597P;;
33459551900011;9710994D;M F R O;;95970145597;actif;inconnue;Bréfort 97129 Lamentin;Guadeloupe;Guadeloupe;Oui;mfr;mfr;;;2022-01-25;;9710994D;9711225E;
42368415800029;;MAISON FAMILIALE RURALE;;2973349697;actif;inconnue;Rue Nazareth 97260 Le Morne-Rouge;Martinique;Martinique;Oui;;mfr;;;2022-01-25;;9720833Y;;
30292631600019;0692710W;MAISON FAMILIALE RURALE D EDUCATION ET D ORIENTATION DE ANSE;;82691214569;actif;responsable_formateur;175 RTE PETITE GONTHIERE 69480 ANSE;Lyon;Auvergne-Rhône-Alpes;Oui;mfr;mfr;;1;2022-01-25;0692710W;0692710W;;
78592526400018;0441835F;ASS MAISON FAMILIALE RURALE EDUC ORIENT;;52440564344;actif;responsable_formateur;54 Avenue de Nantes 44140 Aigrefeuille-sur-Maine;Nantes;Pays de la Loire;Oui;mfr;mfr;;1;2022-01-25;0441835F;0441835F;;
77778026300011;;MAISON FAMILIALE RURALE EDUCA ORIENT;;53351093235;actif;inconnue;Lieu Dit Chatiere 35630 Saint-Symphorien;Rennes;Bretagne;Oui;;mfr;;;2022-01-25;;0351973E;;
77853090700014;0700956J;MAISON FAMILIALE RURALE D EDUCATION;;27700082070;actif;responsable_formateur;23 Rue du General Charles de Gaulle 70190 Rioz;Besançon;Bourgogne-Franche-Comté;Non;mfr;mfr;;1;2022-01-25;0700956J;0700956J;;
81818463200011;9710998H;MAISON FAMILIALE RURALE D'EDUCATION ET D'ORIENTATION - ILE DE MARIE-GALANTE;;1973293897;actif;inconnue;Tivoli 97112 Grand-Bourg;Guadeloupe;Guadeloupe;Oui;mfr;mfr;;;2022-01-03;9710998H;9710998H;;
77950175800014;0382437T;MAISON FAMILIALE RURALE D'EDUCATION ET D'ORIENTATION DE COUBLEVIE;;84380745438;actif;responsable_formateur;396 Route du Guillon 38500 Coublevie;Grenoble;Auvergne-Rhône-Alpes;Oui;mfr;mfr;1;1;2022-01-03;0382437T;0382437T;;
78643686500012;0851305G;MAISON FAMILIALE RURALE;;52850233885;actif;responsable_formateur;Rue du petit bois 85170 Le Poiré-sur-Vie;Nantes;Pays de la Loire;Oui;mfr;mfr;;1;2022-01-03;0851305G;0851305G;;
77529170100024;0371395R;MAISON FAMILIALE RURALE;;24370421037;actif;responsable_formateur;Chemin de la Noraie 37190 Azay-le-Rideau;Orléans-Tours;Centre-Val de Loire;Oui;mfr;mfr;1;1;2022-01-03;0371395R;0371395R;;
77815852700011;0211578B;MAISON FAMILIALE RURALE EDUC ET ORIENT;;26210272121;actif;responsable_formateur;Agencourt;Dijon;Bourgogne-Franche-Comté;Oui;mfr;mfr;;1;2022-01-03;0211578B;0211578B;;
77547038800015;0451246K;MAISON FAMILIALE RURALE D'EDUCATION;;24450377145;actif;responsable_formateur;3 Avenue des Montoires 45500 Gien;Orléans-Tours;Centre-Val de Loire;Oui;mfr;mfr;1;1;2022-01-03;0451246K;0451246K;0451694X;
30678264000016;0291815R;MAISON FAMIL RURALE EDUCA ORIENT;;53290630229;actif;responsable_formateur;Rue de la Gare 29430 Plounévez-Lochrist;Rennes;Bretagne;Oui;mfr;mfr;;1;2021-12-17;0291815R;0291815R;;
32322210900023;0291603K;MAISON FAMILIALE RURALE EDUCA ORIENT;;53290936529;actif;responsable_formateur;2 Rue Maurice de Trésiguidy 29190 Pleyben;Rennes;Bretagne;Oui;mfr;mfr;;1;2021-12-17;0291603K;0291603K;;
51881256500027;9741697B;CENTRE DE FORMATION ET DE PROMOTION DES MAISONS FAMILIALES RURALES DE LA REUNION;;98970350697;actif;responsable_formateur;139 Rue du Général de Gaulle 97430 Le Tampon;La Réunion;La Réunion;Oui;;mfr;;;2021-12-17;9741697B;9741697B;;
39007256900036;0391243P;MAISON FAM RURALE EDUC ET ORIENTATION;;27390128239;actif;responsable_formateur;500 Impasse des Vernes 39130 Doucier;Besançon;Bourgogne-Franche-Comté;Oui;;mfr;;1;2021-12-17;0391243P;0391100J;0391243P;
78075094900023;0142234C;MAISON FAMILIALE RURALE EDUCAT ET ORIENT;;25140235014;actif;responsable_formateur;La Florie - Vire (Vire) 14500 Vire Normandie;Normandie;Normandie;Oui;mfr;mfr;;1;2021-12-17;0142234C;0142234C;;
30478507400028;0721380J;MAISON FAMILIALE RURALE EDUCA ORIENTA;;52720167872;actif;responsable_formateur;28 Rue du Breil 72160 Thorigné-sur-Dué;Nantes;Pays de la Loire;Oui;mfr;mfr;;1;2021-12-17;0721380J;0721380J;;
77939872600017;0261357J;MAISON FAMILIALE RURALE DE MONDY;;82260167326;actif;responsable_formateur;Route de Mondy 26300 Bourg-de-Péage;Grenoble;Auvergne-Rhône-Alpes;Oui;mfr;mfr;;1;2021-12-17;0261357J;0261357J;;
77909280800012;0150668V;MAISON FAMILIALE APPRENT RURAL;;83150310215;actif;responsable_formateur;Crouzit Haut 15200 Mauriac;Clermont-Ferrand;Auvergne-Rhône-Alpes;Oui;mfr;mfr;1;1;2021-12-17;0150668V;0150668V;;
82328123300028;0342449C;CENTRE DE FORMATION ET DE PROMOTION DES MAISONS FAMILIALES RURALES DES GARRIGUES DU PIC SAINT LOUP;;76340958234;actif;responsable_formateur;377 Chemin de Farjou 34270 Claret;Montpellier;Occitanie;Oui;;mfr;;2;2021-12-17;0342449C;0342449C;;
77768721100014;0351975G;MAISON FAMILIALE RURALE EDUCA ORIENT;;53351095035;actif;responsable_formateur;34 Rue des Croix de Roche 35580 Goven;Rennes;Bretagne;Oui;mfr;mfr;;1;2021-12-17;0351975G;0351975G;;
52886246900038;0352998U;EMERAUDE COMPETENCE MFR;;53350887735;actif;responsable_formateur;5 Rue Emmanuel Le Guen 35400 Saint-Malo;Rennes;Bretagne;Oui;;mfr;;1;2021-12-17;0352998U;0352998U;;
78095930000010;0611118J;ASS DES MAISONS FAMILIALES D'HALEINE;;25610011261;actif;responsable_formateur;Rives d'Andaine;Normandie;Normandie;Oui;mfr;mfr;;1;2021-12-17;0611118J;0611118J;;
78092963400019;0501594L;ASS DE LA MAISON FAMILIALE DE VALOGNES;;28500121050;actif;responsable_formateur;70 Rue des Religieuses 50700 Valognes;Normandie;Normandie;Oui;mfr;mfr;;1;2021-12-17;0501594L;0501594L;;
34015052300017;0501574P;MAISON FAMILIALE RURALE EDUCAT ET ORIENT;;25500045650;actif;responsable_formateur;Belle Etoile 50140 Mortain-Bocage;Normandie;Normandie;Oui;mfr;mfr;;1;2021-12-17;0501574P;0501574P;;
78128494800028;0171293N;MFR CHEVANCEAUX SERVICES;;54170034317;actif;responsable_formateur;le Pavillon 17210 Chevanceaux;Poitiers;Nouvelle-Aquitaine;Oui;mfr;mfr;;3;2021-12-17;0171293N;0171293N;;
78616304800014;0492488N;ASS CTRE FORMAT PROMOT MAISON FAMIL RURA;;52490101949;actif;responsable_formateur;11 Avenue des Cadets de Saumur 49350 Gennes-Val-de-Loire;Nantes;Pays de la Loire;Oui;mfr;mfr;;1;2021-12-17;0492488N;0492488N;;
77904719000011;0030955X;ECOLE AGRICOLE PRIVEE MAISON FAMI RURALE;;83030338203;actif;responsable_formateur;Saint-Léopardin-d'Augy;Clermont-Ferrand;Auvergne-Rhône-Alpes;Oui;mfr;mfr;;1;2021-12-17;0030955X;0030955X;;
78594600500010;0442610Y;MAISON FAMILIALE RURALE EDUCATION ORIENT;;52440881144;actif;responsable_formateur;Rue de la Blairie 44190 Clisson;Nantes;Pays de la Loire;Oui;;mfr;;1;2021-12-17;0442610Y;0442610Y;;
78616936700038;0491942V;MAIS FAMIL RURALE EDUC ORIENT;;52490139349;actif;responsable_formateur;201 Chemin de Linières 49770 Longuenée-en-Anjou;Nantes;Pays de la Loire;Oui;mfr;mfr;1;1;2021-12-17;0491942V;0491942V;;
30285103500014;0421183H;MAISON FAMILIALE DE VOUGY;;82420278342;actif;responsable_formateur;allée du roseil 42720 Vougy;Lyon;Auvergne-Rhône-Alpes;Oui;mfr;mfr;;1;2021-12-17;0421183H;0421183H;;
77923126500017;0631686R;MAISON FAMILIALE RURALE;;83630356063;actif;responsable_formateur;5 Route du Calvaire 63740 Gelles;Clermont-Ferrand;Auvergne-Rhône-Alpes;Oui;mfr;mfr;;1;2021-12-17;0631686R;0631686R;;
77915044000021;0430886E;MAISON FAMIL RURALE EDUCAT ORIENT;;83430315343;actif;responsable_formateur;6 Rue Jean Catinot 43250 Sainte-Florine;Clermont-Ferrand;Auvergne-Rhône-Alpes;Oui;mfr;mfr;;1;2021-12-17;0430886E;0430886E;;
41969472400016;0383232G;MAISON FAMILIALE RURALE;;84380646338;actif;responsable_formateur;2bis Avenue du General de Gaulle 38120 Saint-Égrève;Grenoble;Auvergne-Rhône-Alpes;Oui;;mfr;1;1;2021-12-17;0383232G;0383232G;;
32803724700017;0741237T;MFR DES METIERS DE LA MONTAGNE;;82740022974;actif;responsable_formateur;1 Route de tronchine 74230 Thônes;Grenoble;Auvergne-Rhône-Alpes;Oui;;mfr;1;1;2021-12-17;0741237T;0741237T;;
31419618900018;0861127H;MAISON FAMILIAL RURAL EDUCATION ORIENTAT;;54860031286;actif;responsable_formateur;34 RTE N 10 86220 INGRANDES;Poitiers;Nouvelle-Aquitaine;Oui;mfr;mfr;;1;2021-12-17;0861127H;0861127H;;
78215842200017;0470818J;MFR VALLEE DU LOT CASTELMORON;;72470021947;actif;responsable_formateur;8 Rue de Brondeau 47300 Bias;Bordeaux;Nouvelle-Aquitaine;Oui;;mfr;1;;2021-12-17;;0470818J;;
32290470700021;0881450Y;MFR SAINT -DIE - LA PORTE D'ALSACE;;41880128488;actif;responsable_formateur;4 Le Nouveau Saales 88490 Provenchères-et-Colroy;Nancy-Metz;Grand Est;Oui;mfr;mfr;;1;2021-12-17;0881450Y;0881450Y;;
33495719800016;0150672Z;MAISON FAMILIALE RURALE;;83150302415;actif;responsable_formateur;Marcolès;Clermont-Ferrand;Auvergne-Rhône-Alpes;Oui;mfr;mfr;1;1;2021-12-17;0150672Z;0150672Z;;
33515795400025;0142236E;MAISON FAMILIALE RURALE EDUCAT ET ORIENT;;28140337214;actif;responsable_formateur;Route de la Pommeraye 14100 Saint-Désir;Normandie;Normandie;Oui;mfr;mfr;;1;2021-12-17;0142236E;0142236E;;
32309642000019;0141903T;MAISON FAMILIALE RURALE EDUCAT ET ORIENT;;28140345514;actif;responsable_formateur;Blangy-le-Château;Normandie;Normandie;Oui;mfr;mfr;;1;2021-12-17;0141903T;0141903T;;
78098734300024;0762632Y;MAISON FAMILIALE RURALE EDUCATION ORIENTATION DE NEUFCHATEL EN BRAY;;28760539476;actif;responsable_formateur;4 Avenue des Canadiens 76270 Neufchâtel-en-Bray;Normandie;Normandie;Oui;;mfr;1;;2021-12-17;0762632Y;0762632Y;;
77925023200039;0631595S;MAISON FAMILIALE RURALE;;83630363963;actif;responsable_formateur;LD LE BOURG 63210 VERNINES;Clermont-Ferrand;Auvergne-Rhône-Alpes;Oui;mfr;mfr;;2;2021-12-17;0631595S;0631595S;;
44909497800011;0741632X;MAISON FAMILIALE RURALE DE L'ARCLOSAN;;82740227474;actif;responsable_formateur;LE VILLARD 74230 SERRAVAL;Grenoble;Auvergne-Rhône-Alpes;Oui;mfr;mfr;1;1;2021-12-17;0741632X;0741632X;;
77524634100017;0371423W;MAISON FAMILIALE RURALE;;24370214837;actif;responsable_formateur;LE GRAND GIBET 37140 BOURGUEIL;Orléans-Tours;Centre-Val de Loire;Oui;mfr;mfr;1;1;2021-12-17;0371423W;0371423W;0371685F;
30869892700024;0741120R;MAISON FAMILIALE LES EBEAUX;;84740385674;actif;responsable_formateur;152 Route de Troinex 74350 Cruseilles;Grenoble;Auvergne-Rhône-Alpes;Oui;;mfr;;1;2021-12-17;0741120R;0741120R;;
78346443100015;0881449X;MAIS FAMILIALE RURALE;;41880067088;actif;responsable_formateur;Ramonchamp;Nancy-Metz;Grand Est;Oui;mfr;mfr;;1;2021-12-17;0881449X;0881449X;;
31694466900019;0030925P;MAISON FAMILIALE RURALE;;83030232603;actif;responsable_formateur;Escurolles;Clermont-Ferrand;Auvergne-Rhône-Alpes;Oui;mfr;mfr;;1;2021-12-17;0030925P;0030925P;;
31266699300026;0011170S;MAISON FAMILIALE RURALE D'EDUCATION ET D'ORIENTATION - DOMAINE DE LA SAULSAIE;;82010133801;actif;responsable_formateur;allée de la Saulsaie 01120 Montluel;Lyon;Auvergne-Rhône-Alpes;Oui;mfr;mfr;1;1;2021-12-17;0011170S;0011170S;;
30283115100014;0382275S;MAISON FAMILIALE RURALE EDUCATION ORIENT;;84380749638;actif;responsable_formateur;9 Rue Jean de la Fontaine 38490 Saint-André-le-Gaz;Grenoble;Auvergne-Rhône-Alpes;Oui;;mfr;;1;2021-12-17;0382275S;0382275S;;
39934569300010;0422218H;MAISON FAMILIALE RURALE DU PARC;;82420198742;actif;responsable_formateur;30 Avenue de la Libération 42600 Montbrison;Lyon;Auvergne-Rhône-Alpes;Oui;;mfr;;1;2021-12-17;0422218H;0422218H;0692436Y;
77544864000018;0451461U;MAISON FAMILIALE RURALE EDUCATION ORIENT;;24450265945;actif;responsable_formateur;27 Route de Blois 45380 Chaingy;Orléans-Tours;Centre-Val de Loire;Oui;mfr;mfr;2;1;2021-12-17;0451461U;0451403F;0451461U;
77546377100011;0451464X;MAISON FAMILIAL RURAL D'EDUCAT D'ORIENTA;;24450222945;actif;responsable_formateur;7 Route de Darvoy 45150 Férolles;Orléans-Tours;Centre-Val de Loire;Oui;mfr;mfr;1;1;2021-12-17;0451464X;0451464X;;
80275703900010;0391212F;MAISON FAMILIALE RURALE D EDUCATION;;43390102539;actif;responsable_formateur;15 Hameau de Blégny 39110 Salins-les-Bains;Besançon;Bourgogne-Franche-Comté;Oui;;mfr;;1;2021-12-17;0391212F;0391212F;;
41461021200014;0611175W;CENTR FORMATION TECHNICIENS AGRICOLES;;25610010561;actif;responsable_formateur;25 Rue Pierre Neveu 61600 La Ferté Macé;Normandie;Normandie;Oui;mfr;mfr;;1;2021-12-17;0611175W;0142418C;0611175W;
77770469300020;0351974F;MAISON FAMILIALE RURALE EDUCA ORIEN;;53350316335;actif;responsable_formateur;Rue des Pres Vonauds 35480 Guipry-Messac;Rennes;Bretagne;Oui;mfr;mfr;1;1;2021-12-17;0351974F;0351974F;;
41244868000014;0700958L;MAISON FAMILIALE RURALE D EDUCATION;;43700023570;actif;responsable_formateur;54 Blanzey 70220 Fougerolles-Saint-Valbert;Besançon;Bourgogne-Franche-Comté;Oui;mfr;mfr;;2;2021-12-17;0700958L;0700958L;;
30272779700011;0021831E;ASS MAISONS FAMILIALES;;22020075802;actif;inconnue;Rue de Beauregard 02260 Clairfontaine;Amiens;Hauts-de-France;Oui;mfr;mfr;;;2021-12-17;0021831E;0021831E;;
41479762100011;0333158D;CENTRE DE FORMATION BEAUSEJOUR;;72330001333;actif;responsable_formateur;Beauséjour 33190 Gironde-sur-Dropt;Bordeaux;Nouvelle-Aquitaine;Oui;;mfr;;1;2021-12-17;0333158D;0333158D;;
30761630000017;0623786D;FAMIL RURAL EDUC ORIENTAT ROLLANCOU;;31620049862;actif;responsable_formateur;Rollancourt;Lille;Hauts-de-France;Oui;mfr;mfr;;1;2021-12-17;0623786D;0623786D;0624364G;
77775477100023;0351978K;MAISON FAMILIALE RURALE EDUCA ORIENTA;;53350241935;actif;responsable_formateur;4 Allée du Clos Sireuil 35250 Saint-Aubin-d'Aubigné;Rennes;Bretagne;Oui;;mfr;;1;2021-12-17;0351978K;0351978K;0352492U;
35267239800034;0301330H;MAISON FAMILIALE RURALE PETITE CAMARGUE;;91300340030;actif;responsable_formateur;560 Route des Plages 30660 Gallargues-le-Montueux;Montpellier;Occitanie;Oui;mfr;mfr;;1;2021-12-17;0301330H;0301330H;0301633M;
30304171900012;0801719J;MAISON FAMILIALE RURALE EDUCATION ORIENT;;22800018780;actif;responsable_formateur;Yzengremer;Amiens;Hauts-de-France;Oui;mfr;mfr;;1;2021-12-17;0801719J;0624192V;0801719J;
77905162200016;0030907V;ECOL AGRIC PRIVE MAISON FAMILIALE RURALE;;83030335203;actif;responsable_formateur;Saligny-sur-Roudon;Clermont-Ferrand;Auvergne-Rhône-Alpes;Oui;mfr;mfr;1;2;2021-12-17;0030907V;0030907V;;
42090267800010;0371256P;MAISON FAMILIALE RURALE;;24370340737;actif;responsable_formateur;8 Rue de Rome 37370 Neuvy-le-Roi;Orléans-Tours;Centre-Val de Loire;Oui;mfr;mfr;;2;2021-12-17;0371256P;0371256P;;
77534503600013;0371253L;MAISON FAMILIALE RURALE DE ROUGEMONT;;24370345637;actif;responsable_formateur;Rue du Télégraphe 37100 Tours;Orléans-Tours;Centre-Val de Loire;Oui;;mfr;2;1;2021-12-17;0371253L;0371253L;;
39815803000039;0851488F;VAL DE SEVRE FORMATION CFP DES MFR;;52850057485;actif;responsable_formateur;Route de saint-laurent sur sevre 85590 Saint-Malô-du-Bois;Nantes;Pays de la Loire;Oui;;mfr;;1;2021-12-17;0851488F;0851488F;;
41993587900025;0134249Y;MFREO SAINTE VICTOIRE;;93131307113;actif;responsable_formateur;LE PLAN BP 54 13790 ROUSSET;Aix-Marseille;Provence-Alpes-Côte d'Azur;Oui;;mfr;;1;2021-12-17;0134249Y;0134249Y;;
77858350000021;0711511G;MAISON FAMIL RURAL EDUCATION ORIENTATION;;27710290071;actif;responsable_formateur;Rue des Guillemaux 71190 Étang-sur-Arroux;Dijon;Bourgogne-Franche-Comté;Oui;mfr;mfr;;1;2021-12-17;0711511G;0711511G;;
35181550100017;;ASSOC DU CENTRE DE PROMOTION SOCIALE;;52490064549;actif;responsable_formateur;RTE DE TREMENTINES 49510 BEAUPREAU-EN-MAUGES;Nantes;Pays de la Loire;Oui;;mfr;;1;2021-12-17;;0492193T;0492393K;
78338795400028;0550959U;MAISON FAMIL RURAL EDUCA ORIENT;;41550031355;actif;responsable_formateur;Zone d’Activite de la Gare 55200 Commercy;Nancy-Metz;Grand Est;Oui;mfr;mfr;;1;2021-12-17;0550959U;0550959U;;
78087648800013;0501670U;INSTITUT RURAL EDUCATION ET ORIENTATION;;25500013650;actif;responsable_formateur;Route Mautelliere 50890 Condé-sur-Vire;Normandie;Normandie;Oui;mfr;mfr;;1;2021-12-17;0501670U;0501670U;;
32352935400017;0311879Z;MAISON FAMILIALE RURALE EDUC ORIENTATION;;76311033731;actif;responsable_formateur;Donneville;Toulouse;Occitanie;Oui;mfr;mfr;;2;2021-12-17;0311879Z;0311879Z;;
34497770700027;0261098C;MAIS FAMIL RURALE EDUCATION ORIENTATION;;82260073926;actif;responsable_formateur;5 Rue de la Cure 26300 Châteauneuf-sur-Isère;Grenoble;Auvergne-Rhône-Alpes;Oui;mfr;mfr;1;1;2021-12-17;0261098C;0261098C;;
77957043100022;0382938M;MAISON FAMILIALE RURALE EDUC ORIENT DE MOIRANS;;82380010638;actif;responsable_formateur;184 Route des Bethanies 38430 Moirans;Grenoble;Auvergne-Rhône-Alpes;Oui;mfr;mfr;;1;2021-12-17;0382938M;0382938M;;
83138370800011;0011324J;MAISON FAMILIALE RURALE CORMARANCHE;;84010190501;actif;responsable_formateur;Plateau d'Hauteville;Lyon;Auvergne-Rhône-Alpes;Oui;;mfr;;1;2021-12-17;0011324J;0011324J;;
78094682800016;0611119K;MAISON FAMILIALE RURALE EDUCAT ET ORIENT;;25610021961;actif;responsable_formateur;Le Bourlopin 61100 Cerisy-Belle-Étoile;Normandie;Normandie;Oui;mfr;mfr;;1;2021-12-17;0611119K;0611119K;;
53951935500017;0741453C;MAISON FAMILIALE RURALE DE LA SEMINE;;84740403874;actif;responsable_formateur;101 Chemin des folliets 74910 Franclens;Grenoble;Auvergne-Rhône-Alpes;Oui;;mfr;;1;2021-12-17;0741453C;0741453C;;
30282986600037;0383418J;MAISON FAMILIALE RURALE D'EDUCATION ET D'ORIENTATION DE VIGNIEU-MORESTEL;;84380669738;actif;responsable_formateur;Rue de la Rivoirette 38510 Morestel;Grenoble;Auvergne-Rhône-Alpes;Oui;mfr;mfr;;1;2021-12-17;0383418J;0382908E;0383418J;
41971924000014;0241245Y;CENTFORMPROMO MFRJARIJOUX PERIGORD;;72240088024;actif;responsable_formateur;Allée de Jarijoux 24750 Champcevinel;Bordeaux;Nouvelle-Aquitaine;Oui;;mfr;;2;2021-12-17;0241245Y;0241245Y;;
77527666000021;0371486P;MAISON FAMILIALE RURALE DU LOCHOIS;;24370062537;actif;responsable_formateur;49 Rue H de l’Heritier de Chezelle 37600 Loches;Orléans-Tours;Centre-Val de Loire;Oui;mfr;mfr;1;1;2021-12-17;0371486P;0371486P;0371710H;
39305272500016;0352475A;MAIS FAMIL URBAINE DE RENNES ST GREGOIRE;;53350418135;actif;responsable_formateur;les Rabinardières 35760 Saint-Grégoire;Rennes;Bretagne;Oui;mfr;mfr;;1;2021-12-17;0352475A;0352475A;0352492U;
40492934100034;9741306B;ASSOCIATION MAISON FAMILIALE RURALE D'EDUCATION ET D'ORIENTATION DE SAINT PIERRE;;4973141897;actif;responsable_formateur;1 Chemin Sita 97432 Saint-Pierre;La Réunion;La Réunion;Oui;;mfr;;1;2021-12-17;9741306B;9741306B;9741700E;
40349351300028;0912126S;MAISON FAMILIALE HORTICOLE ESSONNE VERTE;;11910878591;actif;inconnue;Chemin d’Etampes 91150 Ormoy-la-Rivière;Versailles;Île-de-France;Oui;mfr;mfr;;;2021-12-17;0912126S;0912126S;;
39946530100022;0912098L;MAISON FAMILIALE GRANGE COLOMBES CFA;CENTRE FORMATION APPRENTIS;11780419578;actif;inconnue;45 Route d’Artondu 91150 Ormoy-la-Rivière;Versailles;Île-de-France;Oui;;mfr;1;;2021-12-17;0912098L;0912098L;;
77870310800010;0891277E;MAISON FAMILIALE RURALE DU JOVINIEN;;26890097289;actif;responsable_formateur;25 Rue Verdeau 89330 Villevallier;Dijon;Bourgogne-Franche-Comté;Oui;mfr;mfr;;1;2021-12-17;0891277E;0891277E;;
77866645300015;0891041Y;MAISON FAMIL RURALE SENONAIS;;26890128989;actif;responsable_formateur;24 Rue Haute 89100 Gron;Dijon;Bourgogne-Franche-Comté;Oui;mfr;mfr;;1;2021-12-17;0891041Y;0891041Y;;
77869757300013;0891015V;MAISON FAMILIALE RURALE EDUCAT ORIENTAT;;27890133789;actif;responsable_formateur;Champeaux 89130 Toucy;Dijon;Bourgogne-Franche-Comté;Oui;mfr;mfr;;1;2021-12-17;0891015V;0891015V;;
38828230300014;;ASS MAISON FAMILIALE ET RURALE 4 VENTS;;;actif;inconnue;3 Rue d'Alsace 88160 Ramonchamp;Nancy-Metz;Grand Est;Non;;mfr;;;2021-12-17;0881449X;0881449X;;
77802871200017;0870875D;MAISON FAMILIALE RURALE PERIGORD LIMOUSIN;;74870037887;actif;responsable_formateur;10 Rue de la Croix des Combes 87700 Beynac;Limoges;Nouvelle-Aquitaine;Oui;mfr;mfr;1;1;2021-12-17;0870875D;0870875D;;
78151651300012;0861145C;MAISON FAMILIALE RURALE;;54860031786;actif;responsable_formateur;Rue de Montmorillon 86300 Chauvigny;Poitiers;Nouvelle-Aquitaine;Oui;mfr;mfr;;1;2021-12-17;0861145C;0861145C;;
30436842600017;0861131M;MAISON FAMILIALE SERVICES;;54860031486;actif;responsable_formateur;8 Rue Emilien Fillon 86160 Gençay;Poitiers;Nouvelle-Aquitaine;Oui;mfr;mfr;;2;2021-12-17;0861131M;0861131M;0861423E;
78641329400012;0851590S;MAISON FAMILIALE LA LOUISIERE;;52850122585;actif;responsable_formateur;Rue de Beaurepaire 85500 Les Herbiers;Nantes;Pays de la Loire;Oui;;mfr;;1;2021-12-17;0851590S;0851590S;;
41355776000019;0851556E;MAISON FAMILIALE RURALE D'EDUCATION ET D'ORIENTATION DES SABLES D'OLONNE;;52850075285;actif;responsable_formateur;110 Rue du docteur schweitzer 85340 Les Sables-d'Olonne;Nantes;Pays de la Loire;Oui;mfr;mfr;;1;2021-12-17;0851556E;0851345A;0851556E;
34229971600015;0851403N;INST FORMATION ALTERN COMMERCES METIERS;;52850056285;actif;responsable_formateur;le plessis bergeret 85280 La Ferrière;Nantes;Pays de la Loire;Oui;mfr;mfr;;1;2021-12-17;0851403N;0851345A;0851403N;
78639247200019;0851309L;MAISON FAMILIALE RURALE EDUC ET ORIENT;;52850006985;actif;responsable_formateur;25 Avenue georges clémenceau 85110 Chantonnay;Nantes;Pays de la Loire;Oui;mfr;mfr;;1;2021-12-17;0851309L;0851309L;;
78648255400015;0851308K;MAISON FAMILIALE RURALE;;52850053285;actif;inconnue;Route d'antigny 85120 Vouvant;Nantes;Pays de la Loire;Oui;mfr;mfr;;;2021-12-17;0851308K;0851308K;;
78646952800016;0851306H;MAISON FAMILIALE RURALE;;52850040385;actif;responsable_formateur;42 Route du château 85200 Saint-Martin-de-Fraigneau;Nantes;Pays de la Loire;Oui;mfr;mfr;;1;2021-12-17;0851306H;0851306H;0851345A;
78834173300020;0851287M;MAISON FAMILIALE RURALE BELLEVUE;;52850008385;actif;responsable_formateur;44 Chemin des puys 85700 Pouzauges;Nantes;Pays de la Loire;Oui;mfr;mfr;;1;2021-12-17;0851287M;0851287M;;
78834348100016;0851286L;MAISON FAMIL RURALE EDUCATION ORIENTAT;;52850102385;actif;responsable_formateur;8 Rue du val de loire 85260 L'Herbergement;Nantes;Pays de la Loire;Oui;mfr;mfr;;1;2021-12-17;0851286L;0851286L;;
78645791100018;0851253A;MAISON FAMILIALE RURALE -  I R E O;;52850032685;actif;responsable_formateur;1 Rue d'avaud 85310 Rives de l'Yon;Nantes;Pays de la Loire;Oui;mfr;mfr;;1;2021-12-17;0851253A;0851253A;;
30256516300011;0851252Z;MFR-IREO LES HERBIERS;;52850044785;actif;responsable_formateur;Rue de la Chesnaie 85500 Les Herbiers;Nantes;Pays de la Loire;Oui;mfr;mfr;1;1;2021-12-17;0851252Z;0851252Z;0851345A;
78639021100013;0851236G;MAISON FAMILIALE RURALE;;52850105985;actif;responsable_formateur;97 Rue des plantes 85300 Challans;Nantes;Pays de la Loire;Oui;mfr;mfr;;1;2021-12-17;0851236G;0851236G;;
78648089700010;0851233D;MAIS FAMILIALE RUR EDUCATION ORIENTATION;;52850225585;actif;responsable_formateur;les hermittans 85190 Venansault;Nantes;Pays de la Loire;Oui;mfr;mfr;;1;2021-12-17;0851233D;0851233D;;
78642328500018;0851232C;MAISON FAMILIALE HORTICOLE;;52850150785;actif;responsable_formateur;14 Rue du marchiou 85320 Mareuil-sur-Lay-Dissais;Nantes;Pays de la Loire;Oui;mfr;mfr;;1;2021-12-17;0851232C;0851232C;0851345A;
78642896100019;0851227X;MAIS FAMIL RURALE EDUCATION ORIENTATION;;52850057385;actif;responsable_formateur;10 Rue du pavé 85390 Mouilleron-Saint-Germain;Nantes;Pays de la Loire;Oui;mfr;mfr;1;1;2021-12-17;0851227X;0851227X;;
78642798900011;0851223T;MAISON FAMILIALE RURALE;;52850031285;actif;responsable_formateur;2 Rue Jean Yole 85150 Les Achards;Nantes;Pays de la Loire;Oui;mfr;mfr;;1;2021-12-17;0851223T;0851223T;;
78646184800016;0851222S;MAISON FAMILIALE RURALE D EDUCATION ET D  ORIENTATION DE SAINT GILLES CROIX DE VIE;;52850055985;actif;responsable_formateur;51 Route de la roche 85800 Saint-Gilles-Croix-de-Vie;Nantes;Pays de la Loire;Oui;mfr;mfr;;1;2021-12-17;0851222S;0851222S;0851412Y;
78324704200014;0840765A;MAISON FAMILI RURALE EDUCATION ORIENTATI;;93840267984;actif;responsable_formateur;ENCLAVE DES PAPES 84600 RICHERENCHES;Aix-Marseille;Provence-Alpes-Côte d'Azur;Oui;mfr;mfr;;;2021-12-17;0840765A;0133509U;0840765A;
45034043500012;0820888V;MAISON FAMILIALE RURALE EDUCATION ORIENT;;73820037382;actif;responsable_formateur;Route de la Mégère 82200 Moissac;Toulouse;Occitanie;Oui;mfr;mfr;;3;2021-12-17;0820888V;0820888V;;
84404398400013;;FEDERATION REGIONALE DES MAISONS FAMILIALES RURALES D'OCCITANIE;;76810156881;actif;inconnue;Place du Lavoir 81600 Brens;Toulouse;Occitanie;Oui;;mfr;;;2021-12-17;0811238F;0811238F;0820888V;
32350606300011;0811037M;ASS FAMILIALE RURALE;;73810017381;actif;responsable_formateur;Chemin de Bel-Aspect 81600 Gaillac;Toulouse;Occitanie;Oui;mfr;mfr;;2;2021-12-17;0811037M;0811037M;0811238F;
42446604300025;0802046P;MAISON FAMILIALE RURALE DES ETANGS DE HAUTE SOMME;;32800202580;actif;responsable_formateur;1 Rond Point du Bois Fauvel 80340 Éclusier-Vaux;Amiens;Hauts-de-France;Oui;mfr;mfr;;1;2021-12-17;0802046P;0802046P;;
30304156000028;0801794R;MAISON FAMIL RURALE EDUC ORIEN;;22800147080;actif;inconnue;Rue de la Sabliere 80260 Villers-Bocage;Amiens;Hauts-de-France;Oui;mfr;mfr;;;2021-12-17;0801794R;0801794R;;
78061661100015;0801629L;MAISON FAMIL RURALE EDUC ORIENTATION;;32800200680;actif;inconnue;13 Rue Alexandre Bouthors 80600 Beauquesne;Amiens;Hauts-de-France;Oui;mfr;mfr;;;2021-12-17;0801629L;0801629L;;
33769489700014;0791057V;MAISON FAMILIALE RURALE D'EDUCATION ET ORIENTATION BRIOUX SUR BOUTONNE;;54790026579;actif;responsable_formateur;47 Avenue de Poitiers 79170 Brioux-sur-Boutonne;Poitiers;Nouvelle-Aquitaine;Oui;mfr;mfr;1;1;2021-12-17;0791057V;0791057V;;
78142228200017;0791013X;MAIS FAMIL RURAL EDUC ET ORIEN;;54790080979;actif;responsable_formateur;36 Rue des Forges 79700 Mauléon;Poitiers;Nouvelle-Aquitaine;Oui;;mfr;;1;2021-12-17;0791013X;0791013X;;
78141312500019;0791005N;SEVREUROPE-MFR SEVREUROPE BRESSUIRE;;54790026479;actif;responsable_formateur;22 Rue de la Baritauderie 79300 Bressuire;Poitiers;Nouvelle-Aquitaine;Oui;mfr;mfr;;1;2021-12-17;0791005N;0791005N;0861423E;
78141311700016;0791004M;MAISON FAMILIALE RURALE EDUCAT ORIENTATI;;75790125479;actif;responsable_formateur;36 Rue de la Grange 79300 Bressuire;Poitiers;Nouvelle-Aquitaine;Oui;mfr;mfr;;1;2021-12-17;0791004M;0791004M;0861423E;
78140836400011;0790994B;MAISON FAMIL RURALE EDUCAT ORIENTATI;;54790026079;actif;responsable_formateur;LE TERRA 79290 VAL EN VIGNES;Poitiers;Nouvelle-Aquitaine;Oui;mfr;mfr;;1;2021-12-17;0790994B;0790994B;;
78140766300017;0790992Z;MAISON FAMILIALE RURALE EDUCAT ORIENTAT;;75790126779;actif;responsable_formateur;50 Rue de la Paix 79150 Argentonnay;Poitiers;Nouvelle-Aquitaine;Oui;;mfr;;1;2021-12-17;0790992Z;0790992Z;;
78147574400020;0790988V;MAISON FAMILIALE RURALE EDUCAT ORIENTATI;;54790112679;actif;responsable_formateur;2 Route de la Cape 79600 Saint-Loup-Lamairé;Poitiers;Nouvelle-Aquitaine;Oui;mfr;mfr;;1;2021-12-17;0790988V;0790988V;;
39946530100014;0782120F;MAISON FAMILIALE GRANGE COLOMBES CFA;;11780419578;actif;responsable_formateur;5 Rue de la Grange Colombe 78120 Rambouillet;Versailles;Île-de-France;Oui;mfr;mfr;1;1;2021-12-17;0782120F;0782120F;;
38752808600011;0763212D;INSTITUT RURAL DE HAUTE NORMANDIE;;23760487976;actif;responsable_formateur;Rue General Leclerc 76890 Tôtes;Normandie;Normandie;Oui;mfr;mfr;;;2021-12-17;0763212D;0763212D;;
37751907900034;0762635B;MAISON FAMILIALE RURALE D'EDUCATION ET D'ORIENTATION DES DEUX RIVIERES;;23760485376;actif;responsable_formateur;12 Rue de l'Aubette 76000 Rouen;Normandie;Normandie;Oui;;mfr;;1;2021-12-17;0762635B;0762635B;0763212D;
78098734300016;;MAISON FAMILIALE RURALE EDUCATION ORIENTATION DE NEUFCHATEL EN BRAY;;28760539476;actif;inconnue;39 Route de Dieppe 76590 Anneville-sur-Scie;Normandie;Normandie;Oui;;mfr;1;;2021-12-17;0762632Y;0762632Y;;
78113883900019;0762307V;MAIS FAMIL RURAL EDUCAT ORIENT;;23760485976;actif;responsable_formateur;Rue Nationale 76460 Saint-Valery-en-Caux;Normandie;Normandie;Oui;mfr;mfr;;1;2021-12-17;0762307V;0762307V;;
78100707500018;;MAISON FAMILIALE HAVRE RURAL;;23760484376;fermé;inconnue;CHATEAU DE BELLEVUE 76430 LA CERLANGUE;Normandie;Normandie;Oui;;mfr;1;;2021-12-17;0762306U;0762306U;;
78834539500016;0721427K;MAISON FAMIL RURALE EDUCATION ORIENTAT;;52720110372;actif;responsable_formateur;Verneil-le-Chétif;Nantes;Pays de la Loire;Oui;mfr;mfr;;1;2021-12-17;0721427K;0721427K;;
78629780400019;0721426J;MAISON FAMILALE RURALE EDUC ORIENTATION;;52720165372;actif;responsable_formateur;65 Rue Nationale 72550 Coulans-sur-Gée;Nantes;Pays de la Loire;Oui;mfr;mfr;;1;2021-12-17;0721426J;0721426J;;
37919776700013;0721381K;MAISON FAMILIALE RURALE BERNAY EN;;52720136872;actif;responsable_formateur;Bernay-Neuvy-en-Champagne;Nantes;Pays de la Loire;Oui;mfr;mfr;;1;2021-12-17;0721381K;0492193T;0721381K;
30478507400010;0721380J;MAISON FAMILIALE RURALE EDUCA ORIENTA;;52720167872;fermé;inconnue;6 Rue de la Mairie 72110 Nogent-le-Bernard;Nantes;Pays de la Loire;Oui;;mfr;1;;2021-12-17;0721380J;0721380J;;
30271529700032;0721366U;MAISON FAMILIALE RURALE EDUCAT ORIENTAT;;52720126472;actif;responsable_formateur;Route de Preval 72400 La Ferté-Bernard;Nantes;Pays de la Loire;Oui;mfr;mfr;;1;2021-12-17;0721366U;0721366U;;
77858350000013;;;;27710290071;;inconnue;;;;Oui;;mfr;1;;2021-12-17;0711511G;0711511G;;
77860262300010;0711454V;MAISON FAMILIALE RURALE;;27710289471;actif;responsable_formateur;Route de Charly 71250 Mazille;Dijon;Bourgogne-Franche-Comté;Oui;mfr;mfr;1;1;2021-12-17;0711454V;0711454V;0711919A;
32153880300016;;;;26710221271;;inconnue;;;;Oui;;mfr;2;;2021-12-17;0711453U;0711453U;;
77850148600014;0701053P;MAISON FAMIL RURALE EDUCAT ORIENTATION;;43700062970;actif;responsable_formateur;Chargey-lès-Gray;Besançon;Bourgogne-Franche-Comté;Oui;mfr;mfr;;1;2021-12-17;0701053P;0251824X;0701053P;
77850944800016;;INSTIT RURAL D'EDUCATION ET D' ORIENTAT;;;actif;inconnue;22 Rue du Bas de Laval 70220 Fougerolles-Saint-Valbert;Besançon;Bourgogne-Franche-Comté;Non;;mfr;;;2021-12-17;0700958L;0700958L;;
77850314400017;0700954G;MAISON FAMILIALE RURALE;;43700023070;actif;responsable_formateur;Combeaufontaine;Besançon;Bourgogne-Franche-Comté;Oui;mfr;mfr;;1;2021-12-17;0700954G;0700954G;;
77719323600018;0811106M;MAISON FAMILIALE RURALE D'EDUCATION ET D'ORIENTATION INEOPOLE FORMATION;;73810014281;actif;responsable_formateur;823 Avenue de la Fédarié 81600 Brens;Toulouse;Occitanie;Oui;mfr;mfr;;3;2021-12-17;0811106M;0811106M;;
33487339500019;0641642M;MAISON FAMILIALE;;72640309164;actif;responsable_formateur;Mont;Bordeaux;Nouvelle-Aquitaine;Oui;mfr;mfr;;1;2021-12-17;0641642M;0641642M;;
42285299600012;0624292D;MAISON FAMILIALE RURALE DE VALFOSSE;;31620187262;actif;responsable_formateur;8 Rue du Fond de Mouriez 62140 Marconne;Lille;Hauts-de-France;Oui;mfr;mfr;;2;2021-12-17;0624292D;0624292D;0624354W;
83160858300017;;ECOLE SUPERIEURE PRIVEE EUROPEENNE DE ROLLANCOURT;;;actif;inconnue;2 Rue du Moulin 62770 Rollancourt;Lille;Hauts-de-France;Non;;mfr;;;2021-12-17;0623786D;0623786D;;
31350031600010;0623734X;MAISON FAMILIALE RURALE DE SAMER;;31620042362;actif;responsable_formateur;277 Rue de Desvres 62830 Samer;Lille;Hauts-de-France;Oui;mfr;mfr;;1;2021-12-17;0623734X;0623734X;;
78397621000014;0623325C;MAISON FAMILIALE RURALE DES HAUTS PAYS;;31620047762;actif;responsable_formateur;7 Rue des Sans Culottes 62650 Campagne-lès-Boulonnais;Lille;Hauts-de-France;Oui;mfr;mfr;;1;2021-12-17;0623325C;0623325C;0624185M;
40003839400021;0611226B;MAISON FAMILIALE;;25610036661;actif;responsable_formateur;8 Rue Giroye 61000 Alençon;Normandie;Normandie;Oui;mfr;mfr;;1;2021-12-17;0611226B;0611226B;;
78098562800012;0611117H;MAISON FAMILIALE RURALE EDUCAT ET ORIENT;;25610014861;actif;responsable_formateur;5 Avenue du Général Gaulle de 61120 Vimoutiers;Normandie;Normandie;Oui;mfr;mfr;;1;2021-12-17;0611117H;0142418C;0611117H;
78096827700019;0611039Y;MAISON FAMILIALE RURALE;;25610014961;actif;responsable_formateur;50 Rue des 15 Fusilles 61400 Mortagne-au-Perche;Normandie;Normandie;Oui;mfr;mfr;;1;2021-12-17;0611039Y;0142418C;0611039Y;
33999592000016;0611037W;MAISON FAMILIALE RURALE EDUCAT ET ORIENT;;25610026461;actif;responsable_formateur;Moulin de Pointel 61220 Pointel;Normandie;Normandie;Oui;mfr;mfr;;1;2021-12-17;0611037W;0611037W;;
78096826900016;0611035U;MAISON FAMILIALE RURALE EDUCAT ET ORIENT;;25610085161;actif;responsable_formateur;4 Rue de Chartrage 61400 Mortagne-au-Perche;Normandie;Normandie;Oui;mfr;mfr;;1;2021-12-17;0611035U;0611035U;;
78056404300021;;MAISON FAMILIALE RURALE;;32600345860;actif;inconnue;Rue Jeanne d'Arc 60310 Beaulieu-les-Fontaines;Amiens;Hauts-de-France;Oui;;mfr;;;2021-12-17;0601770Y;0601770Y;;
30291371000018;0601688J;MAISON FAMILIALE RURALE;;22600206060;actif;responsable_formateur;Rue de Crecy 60430 Saint-Sulpice;Amiens;Hauts-de-France;Oui;mfr;mfr;;1;2021-12-17;0601688J;0601688J;0602170H;
78386532200029;0595773E;MAISON FAMILIALE RURALE;;31590792059;actif;responsable_formateur;14 Rue Auguste Delcroix 59294 Haussy;Lille;Hauts-de-France;Oui;mfr;mfr;;1;2021-12-17;0595773E;0595773E;;
78363847100020;0595541C;MAISON FAMILIALE APPRENTISSAGE RURAL;;31590580859;actif;responsable_formateur;70 Rue Faidherbe 59360 Le Cateau-Cambrésis;Lille;Hauts-de-France;Oui;mfr;mfr;;1;2021-12-17;0595541C;0595541C;;
30931979600012;0594799W;MAISON FAMILIALE RURALE EDUCATION ORIENT;;31590131159;actif;responsable_formateur;Rue du Pont des Dames 59440 Avesnes-sur-Helpe;Lille;Hauts-de-France;Oui;mfr;mfr;;1;2021-12-17;0594799W;0594799W;0596807D;
77782252900015;0561529H;MAISON FAMILIALE RURALE EDUCAT ORIENTA;;53560052356;actif;responsable_formateur;22 Route de Josselin 56490 Guilliers;Rennes;Bretagne;Oui;mfr;mfr;;1;2021-12-17;0561529H;0561529H;0561893D;
33453512700016;0561476A;MAISON FAMILIALE RURALE EDUCA ORIENT;;53560861756;actif;responsable_formateur;1 Boulevard Pasteur 56230 Questembert;Rennes;Bretagne;Oui;mfr;mfr;;1;2021-12-17;0561476A;0561476A;;
78625629700023;0530960F;CENTRE DE FORMATION LA FUTAIE - LES TOUCHES;;52530007953;actif;responsable_formateur;Port-Brillet;Nantes;Pays de la Loire;Oui;;mfr;;1;2021-12-17;0530960F;0530960F;0531020W;
19530081900016;0530909A;AGRICAMPUS LAVAL;;52530049153;actif;responsable_formateur;321 Route de Saint Nazaire 53000 Laval;Nantes;Pays de la Loire;Oui;agri|mfr;agri|mfr;2;2;2021-12-17;0530909A;0530081A;0530909A;
78624011900010;0530887B;MAISON FAMILIALE RURALE EDUC ORIENT;;52530096153;actif;responsable_formateur;Route de Segré 53400 Craon;Nantes;Pays de la Loire;Oui;mfr;mfr;;1;2021-12-17;0530887B;0530887B;;
78624010100018;0530886A;MAISON FAMILIALE RURALE;;52530018253;actif;responsable_formateur;31 Route de Nantes 53400 Craon;Nantes;Pays de la Loire;Oui;mfr;mfr;;1;2021-12-17;0530886A;0530886A;;
78627921600026;0530863A;MFR LA PIGNERIE;;52530000253;actif;responsable_formateur;Rue de l'Huisserie 53000 Laval;Nantes;Pays de la Loire;Oui;;mfr;;;2021-12-17;0530863A;0530863A;0531022Y;
78627885300027;0530829N;MAISON FAMILIALE RURALE;;52530094853;actif;responsable_formateur;La Chauvinière 53140 Pré-en-Pail-Saint-Samson;Nantes;Pays de la Loire;Oui;mfr;mfr;;1;2021-12-17;0530829N;0530829N;;
78627058700011;0530828M;MAISON FAMILIALE RURALE EDUCATION ORIENT;;52530072453;actif;responsable_formateur;Rue Jean Cottereau 53940 Saint-Berthevin;Nantes;Pays de la Loire;Oui;mfr;mfr;;1;2021-12-17;0530828M;0530828M;0530981D;
78087854200015;0501736R;MAISON FAMILIALE RURALE EDUCAT ET ORIENT;;25500087550;actif;responsable_formateur;79 Avenue Division Leclerc 50200 Coutances;Normandie;Normandie;Oui;mfr;mfr;;1;2021-12-17;0501736R;0501736R;;
78088761800012;0501735P;MAISON FAMILIALE RURALE EDUCAT ET ORIENT;;25500012450;actif;responsable_formateur;121 Rue des Routils 50400 Granville;Normandie;Normandie;Oui;mfr;mfr;1;2;2021-12-17;0501735P;0501735P;;
78090048600017;0501596N;MAISON FAMILIALE RURALE EDUCAT ET ORIENT;;25500036650;actif;responsable_formateur;Le Laurier (Percy) 50410 Percy-en-Normandie;Normandie;Normandie;Oui;mfr;mfr;;1;2021-12-17;0501596N;0501596N;;
34906645600022;0492193T;FEDER DEPART DES MAISONS FAMILIALES;;52490355449;actif;inconnue;Rue du Landreau 49070 Beaucouzé;Nantes;Pays de la Loire;Non;;mfr;1;;2021-12-17;0492193T;0491828W;0491941U;
78616936700020;0491942V;MAIS FAMIL RURALE EDUC ORIENT;;52490139349;actif;inconnue;Rue d'Anjou (Le Plessis-Macé) 49770 Longuenée-en-Anjou;Nantes;Pays de la Loire;Oui;;mfr;1;;2021-12-17;0491942V;0491942V;;
78612761300010;0491941U;MFREO INSTITUT RURAL DES MAUGES;;52490276449;actif;responsable_formateur;8 Rue des Cèdres (Beaupréau) 49600 Beaupréau-en-Mauges;Nantes;Pays de la Loire;Oui;mfr;mfr;;1;2021-12-17;0491941U;0491941U;;
78616593600018;0491918U;MAISON FAMILIALE RURALE LA CHARMILLE;;52490360549;actif;responsable_formateur;49 Rue du Pont Piau (Jallais) 49510 Beaupréau-en-Mauges;Nantes;Pays de la Loire;Oui;mfr;mfr;;1;2021-12-17;0491918U;0491918U;;
78613301700016;0491865L;MAISON FAMILIALE RURALE LA SABLONNIERE;;52490362349;actif;responsable_formateur;51 Rue Louis Moron 49320 Brissac Loire Aubance;Nantes;Pays de la Loire;Oui;mfr;mfr;;1;2021-12-17;0491865L;0491865L;;
78618984500013;0491844N;MAISON FAMILIALE RURALE DE POUANCE;;52490357949;actif;responsable_formateur;Rue de tressé 49420 Ombrée d'Anjou;Nantes;Pays de la Loire;Oui;mfr;mfr;;1;2021-12-17;0491844N;0491844N;;
78619314400031;0491841K;MAISON FAMIL RURAL EDUCATION ORIENTATION;;52490251449;actif;responsable_formateur;Rue des Sports 49740 La Romagne;Nantes;Pays de la Loire;Oui;mfr;mfr;;1;2021-12-17;0491841K;0491841K;;
78617972100018;0491840J;MAISON FAMILIAL RURAL EDUCAT ORIENTATION;;52490071349;actif;responsable_formateur;Rue de la Rousselière 49260 Montreuil-Bellay;Nantes;Pays de la Loire;Oui;mfr;mfr;;1;2021-12-17;0491840J;0491840J;0492193T;
78615773500014;0491837F;MAISON FAMILIALE EDUCATION ORIENTATION;;52490238549;actif;responsable_formateur;22 Rue jean mermoz 49700 Doué-en-Anjou;Nantes;Pays de la Loire;Oui;mfr;mfr;;1;2021-12-17;0491837F;0491837F;;
78613606900014;0491835D;MAISON FAMILIALE RURALE D EDUCATION ET D'ORIENTATION - CFA CHALONNES SUR LOIRE;;52490261249;actif;responsable_formateur;10 Avenue du 8 Mai 1945 49290 Chalonnes-sur-Loire;Nantes;Pays de la Loire;Oui;mfr;mfr;;1;2021-12-17;0491835D;0491835D;;
78613651500016;0491834C;MAISON FAMILIALE APPRENTISSAGE RURAL;;52490312749;actif;responsable_formateur;LD LES TROIS RIVIERES 49330 LES HAUTS-D'ANJOU;Nantes;Pays de la Loire;Oui;mfr;mfr;;;2021-12-17;0491834C;0491834C;;
78614282800023;0491832A;MAISON FAMILIALE RURALE EDUCATION ORIENT;;52490352249;actif;responsable_formateur;Rue de Coulvée (Melay) 49120 Chemillé-en-Anjou;Nantes;Pays de la Loire;Oui;mfr;mfr;;1;2021-12-17;0491832A;0491832A;;
78834822500012;0491831Z;MAISON FAMILIALE RURALE;;52490358849;actif;responsable_formateur;1 Boulevard Léon Mauduit 49500 Segré-en-Anjou Bleu;Nantes;Pays de la Loire;Oui;mfr;mfr;;1;2021-12-17;0491831Z;0491831Z;;
78618701300028;0491830Y;MAISON FAMILIALE RURALE D EDUCATION ET D ORIENTATION MFR LA POMMERAYE;;52490079149;actif;responsable_formateur;7 CHE DU VAUJOU 49620 MAUGES-SUR-LOIRE;Nantes;Pays de la Loire;Oui;mfr;mfr;;1;2021-12-17;0491830Y;0491830Y;;
78615116700016;0491828W;MAISON FAMILIALE RURALE;;52490204249;actif;responsable_formateur;Rue de la Bonnauderie 49300 Cholet;Nantes;Pays de la Loire;Oui;mfr;mfr;;1;2021-12-17;0491828W;0491828W;0492193T;
78616324600014;0491827V;MAISON FAMIL RURAL EDUCA ORIENT BAUGEOIS;;52490362149;actif;responsable_formateur;Route du Lude (Genneteil) 49490 Noyant-Villages;Nantes;Pays de la Loire;Oui;mfr;mfr;;1;2021-12-17;0491827V;0491827V;;
77610653600019;0480635E;MAISON FAMIL RURAL EDUCATION ORIENTATION;;91480004348;actif;responsable_formateur;Rue d'Almontet 48130 Peyre en Aubrac;Montpellier;Occitanie;Oui;mfr;mfr;1;1;2021-12-17;0480635E;0301633M;0480635E;
33498174300019;0470908G;MAISON FAMILIALE RURALE;;72470029847;actif;responsable_formateur;10 Boulevard Clemenceau 47800 Miramont-de-Guyenne;Bordeaux;Nouvelle-Aquitaine;Oui;;mfr;;1;2021-12-17;0470908G;0470908G;;
31705055700014;0470819K;MAISON FAMILIALE RURALE;;72470022147;actif;responsable_formateur;Bourgougnague;Bordeaux;Nouvelle-Aquitaine;Oui;mfr;mfr;;2;2021-12-17;0470819K;0470819K;;
78220418400017;0470807X;MAISON FAMIL RURAL EDUCATION ORIENTATION;;72470022847;actif;responsable_formateur;97 Route du Moulin de Thomas 47300 Pujols;Bordeaux;Nouvelle-Aquitaine;Oui;mfr;mfr;;2;2021-12-17;0470807X;0332981L;0470807X;
78219893100027;0470781U;MAIS FAMIL RURALE EDUCATION ORIENTATION;;75470139547;actif;responsable_formateur;MOULIN NEUF 47230 BARBASTE;Bordeaux;Nouvelle-Aquitaine;Oui;mfr;mfr;;1;2021-12-17;0470781U;0470781U;;
78215778800020;0470780T;MAISON FAMILIALE STE BAZEILLE;;75470146647;actif;responsable_formateur;Avenue de Graveyron 47180 Sainte-Bazeille;Bordeaux;Nouvelle-Aquitaine;Oui;mfr;mfr;;1;2021-12-17;0470780T;0470780T;;
42818074900023;0451733P;MAISON FAMILIALE RURALE D'EDUCATION ET  D'ORIENTATION DU PITHIVERAIS;;24450305845;actif;responsable_formateur;Rue du Château 45300 Ascoux;Orléans-Tours;Centre-Val de Loire;Oui;mfr;mfr;;1;2021-12-17;0451733P;0451733P;;
42096272200021;0451403F;MFR DE L'ORLEANAIS;;24450062245;actif;responsable_formateur;50 Avenue du Président John Kennedy 45100 Orléans;Orléans-Tours;Centre-Val de Loire;Oui;mfr;mfr;1;2;2021-12-17;0451403F;0451403F;;
77852478500012;0700955H;MAISON FAMILIALE RURALE;;43700020170;actif;responsable_formateur;Montbozon;Besançon;Bourgogne-Franche-Comté;Oui;mfr;mfr;1;1;2021-12-17;0700955H;0700955H;;
78602926400029;0441972E;MAISON FAMILIALE RURALE D'EDUCATION ET D'ORIENTATION DE CARQUEFOU;;52440072844;actif;responsable_formateur;Route de la Charmelière 44470 Carquefou;Nantes;Pays de la Loire;Oui;mfr;mfr;1;1;2021-12-17;0441972E;0441972E;;
78602053700043;0441969B;ASSO FED MAISONS FAMILIALES;;52440077244;actif;inconnue;Chemin des Gruellières 44470 Carquefou;Nantes;Pays de la Loire;Non;;mfr;;;2021-12-17;0441969B;0441969B;0442610Y;
78604475000036;0441828Y;ASS MAISONS FAMIL RURAL CENTR FORMAT MEE;;52440537044;actif;responsable_formateur;2 Rue Pierre Blays 44110 Châteaubriant;Nantes;Pays de la Loire;Oui;mfr;mfr;;1;2021-12-17;0441828Y;0441828Y;;
78596729000012;0441827X;MAISON FAMILIALE RURALE VAL DE LOGNE;;52440770144;actif;responsable_formateur;7 Rue du Bocage 44650 Legé;Nantes;Pays de la Loire;Oui;mfr;mfr;;1;2021-12-17;0441827X;0441827X;;
78596993200017;0441826W;MAISON FAMILIALE HORTICOLE;;52440546144;actif;responsable_formateur;Boulevard des régents 44270 Machecoul-Saint-Même;Nantes;Pays de la Loire;Oui;mfr;mfr;;1;2021-12-17;0441826W;0441826W;;
30284207500020;0421807L;MAISON FAMILIALE RURALE DE SAINT ETIENNE;;82420026242;actif;responsable_formateur;38 Rue Docteur Paul Michelon 42100 Saint-Étienne;Lyon;Auvergne-Rhône-Alpes;Oui;mfr;mfr;1;1;2021-12-17;0421807L;0421807L;;
30284906200013;0421187M;MAISON FAMILIALE RURALE EDUCATION ORIENT;;82420200642;actif;responsable_formateur;Route des Athiauds 42640 Saint-Germain-Lespinasse;Lyon;Auvergne-Rhône-Alpes;Oui;mfr;mfr;1;1;2021-12-17;0421187M;0421187M;;
77635616400017;0421184J;MAISON FAMILIALE RURALE EDUCAT ORIENTAT;;82420210442;actif;responsable_formateur;2 Rue du chemin de fer 42400 Saint-Chamond;Lyon;Auvergne-Rhône-Alpes;Oui;mfr;mfr;1;1;2021-12-17;0421184J;0421184J;;
31138229500013;0400803F;MAISON FAMILIALE RURALE MIXTE;;72400086640;actif;responsable_formateur;2 Place Sainte- Quitterie 40800 Aire-sur-l'Adour;Bordeaux;Nouvelle-Aquitaine;Oui;mfr;mfr;;2;2021-12-17;0400803F;0332981L;0400803F;
78210973000013;0400802E;MAISON FAMILIALE RURALE;;72400015440;actif;responsable_formateur;206 Avenue du Marensin 40465 Pontonx-sur-l'Adour;Bordeaux;Nouvelle-Aquitaine;Oui;mfr;mfr;;2;2021-12-17;0400802E;0400802E;;
78210329500013;0400800C;MAISON FAMILIALE RURALE EDUCAT ET ORIENT;;75400144040;actif;responsable_formateur;DOMAINE DE PONTCHEVRON 40180 OEYRELUY;Bordeaux;Nouvelle-Aquitaine;Oui;mfr;mfr;;1;2021-12-17;0400800C;0400800C;;
39266729100018;0400753B;MAISON FAMILIALE RURALE D EDUCATION;;72400021740;actif;responsable_formateur;Cassiet 40360 Castelnau-Chalosse;Bordeaux;Nouvelle-Aquitaine;Oui;mfr;mfr;;2;2021-12-17;0400753B;0400753B;;
80302583200012;0391213G;MAISON FAMILIALE RURALE D EDUCATION;;43390102439;actif;responsable_formateur;4 Rue des Vergers 39700 Amange;Besançon;Bourgogne-Franche-Comté;Oui;mfr;mfr;;2;2021-12-17;0391213G;0391213G;;
77770840500017;0352512R;ASS CTRE FORMAT TECH AGRICOLE PROMOTION;;53350007335;actif;responsable_formateur;L’Abbaye 35160 Montfort-sur-Meu;Rennes;Bretagne;Oui;mfr;mfr;;1;2021-12-17;0352512R;0352512R;0352943J;
77777644400013;0352028P;MAISON FAMILIALE RURALE EDUCA ORIENTA;;53351058835;actif;responsable_formateur;40 Rue de Merdrignac 35290 Saint-Méen-le-Grand;Rennes;Bretagne;Oui;mfr;mfr;;1;2021-12-17;0352028P;0352028P;;
77778072700031;0352027N;MAISON FAMILIALE RURALE EDUCA ORIENT;;53350678135;actif;responsable_formateur;12 Rue du Bignon 35580 Baulon;Rennes;Bretagne;Oui;;mfr;;1;2021-12-17;0352027N;0352027N;;
77769415900016;0352026M;MAISON FAMILIALE RURALE;;53350320935;actif;responsable_formateur;Allée de la Jaroussaye 35150 Janzé;Rennes;Bretagne;Oui;mfr;mfr;;1;2021-12-17;0352026M;0352026M;;
77768390500023;0352025L;INST FORMATION MAISON FAMILIALE RURALE;;53350320235;actif;responsable_formateur;1 Rue des Cotterets 35300 Fougères;Rennes;Bretagne;Oui;mfr;mfr;;1;2021-12-17;0352025L;0352025L;0352942H;
77775477100015;;MAISON FAMILIALE RURALE EDUCA ORIENTA;;53350241935;fermé;inconnue;Rue d'Antrain 35250 Saint-Aubin-d'Aubigné;Rennes;Bretagne;Oui;;mfr;1;;2021-12-17;0351978K;0351978K;;
77769814300024;0351976H;MAISON FAMILIALE HORTICOLE;;53350783835;actif;responsable_formateur;les Rabinardières 35760 Saint-Grégoire;Rennes;Bretagne;Oui;mfr;mfr;;1;2021-12-17;0351976H;0351976H;;
77770469300012;;MAISON FAMILIALE RURALE EDUCA ORIEN;;53350316335;actif;inconnue;Boeuvres 35480 Guipry-Messac;Rennes;Bretagne;Oui;;mfr;1;;2021-12-17;0351974F;0351974F;;
77770693800019;0351972D;MAISON FAMILIALE RURALE EDUCA ORIENT;;53350243435;actif;responsable_formateur;la Rouvrais 35360 Montauban-de-Bretagne;Rennes;Bretagne;Oui;mfr;mfr;;1;2021-12-17;0351972D;0351972D;;
33522090100011;0801720K;MAISON FAMILIALE RURALE DE FLIXECOURT;;22800046680;actif;responsable_formateur;28 Rue Courbet 80420 Flixecourt;Amiens;Hauts-de-France;Oui;mfr;mfr;;1;2021-12-17;0801720K;0801720K;;
53240398700029;;FORMATION ESTHETIQUE RIVE DROITE;;72330841133;actif;inconnue;23 Avenue du Mirail 33370 Artigues-près-Bordeaux;Bordeaux;Nouvelle-Aquitaine;Non;;mfr;;;2021-12-17;0332981L;0332981L;;
78203159500013;0332473J;MFR EDUCATION ET ORIENTATION VAYRES;;72330178333;actif;responsable_formateur;Lieu Dit Lagron 33870 Vayres;Bordeaux;Nouvelle-Aquitaine;Oui;mfr;mfr;;3;2021-12-17;0332473J;0332473J;;
78200896500017;0330175L;MAISON FAMILIALE DU MEDOC;;75331145733;actif;responsable_formateur;Saint-Yzans-de-Médoc;Bordeaux;Nouvelle-Aquitaine;Oui;mfr;mfr;;2;2021-12-17;0330175L;0330175L;;
78192416200014;0330174K;MAISONS FAMILIALES CENTRE D APPRENTIS;;75331009733;actif;responsable_formateur;34 Rue du Lt Cnl Jean de Lagarrigue 33340 Lesparre-Médoc;Bordeaux;Nouvelle-Aquitaine;Oui;mfr;mfr;;1;2021-12-17;0330174K;0330174K;;
39293097000034;0313021R;MAISON FAMILIALE RURBAINE DE TOULOUSE NORD;;73310196631;actif;responsable_formateur;Impasse de la Saudrune 31140 Launaguet;Toulouse;Occitanie;Oui;;mfr;;1;2021-12-17;0313021R;0311879Z;0312559N;
78323563300014;0840787Z;ASS MAISON FAMILIALE RURALE;;93840360384;actif;responsable_formateur;425 Petit Chemin de Carpentras 84170 Monteux;Aix-Marseille;Provence-Alpes-Côte d'Azur;Oui;mfr;mfr;;1;2021-12-17;0840787Z;0840787Z;;
77595210400013;0301432U;MAIS FAMIL RURALE VEZENOBRES;;91300174330;actif;responsable_formateur;Route de Deaux 30360 Vézénobres;Montpellier;Occitanie;Oui;mfr;mfr;;1;2021-12-17;0301432U;0301432U;;
32786668700020;0301431T;MFR LA PINEDE;;91300242730;actif;responsable_formateur;6086 RTE DEPARTEMENTALE 999 30320 MARGUERITTES;Montpellier;Occitanie;Oui;mfr;mfr;;5;2021-12-17;0301431T;0301431T;0301633M;
39904081500017;0301430S;ASS MAISON FAMILIALE PT DU GARD;;91300127530;actif;responsable_formateur;Route d’Uzès 30210 Castillon-du-Gard;Montpellier;Occitanie;Oui;mfr;mfr;;2;2021-12-17;0301430S;0301430S;;
35267239800018;;MAISON FAMILIALE RURALE PETITE CAMARGUE;;91300340030;fermé;inconnue;Rue sous le Mas 30660 Gallargues-le-Montueux;Montpellier;Occitanie;Oui;;mfr;1;;2021-12-17;0301330H;0301330H;;
39468714900028;0912098L;ASS MAISON FAMILIALE URBAINE ESSONNE;;11910237491;actif;responsable_formateur;Ormoy-la-Rivière;Versailles;Île-de-France;Oui;;mfr;;1;2021-12-17;0912098L;0912098L;;
77757417900019;0291961Z;MAISON FAMILIALE RURALE EDUCA ET ORIENT;;53290657229;actif;responsable_formateur;Morlaix;Rennes;Bretagne;Oui;mfr;mfr;;1;2021-12-17;0291961Z;0291961Z;;
32322209100015;0291843W;MAISON FAMILIALE RURALE EDUCA ORIENT;;53290862929;actif;responsable_formateur;41 Rue Georges Clémenceau 29400 Landivisiau;Rennes;Bretagne;Oui;mfr;mfr;;1;2021-12-17;0291843W;0291603K;0291843W;
77754012100012;0291842V;MFR DE RUMENGOL;;53290932129;actif;responsable_formateur;Le Bourg Rumengol 29590 Le Faou;Rennes;Bretagne;Oui;mfr;mfr;;1;2021-12-17;0291842V;0291842V;;
30754662200019;0291790N;MFR IREO DE LESNEVEN;;53290326929;actif;responsable_formateur;Rue de Lesneven 29260 Plouider;Rennes;Bretagne;Oui;mfr;mfr;1;1;2021-12-17;0291790N;0291790N;0292160R;
32322210900015;;MAISON FAMILIALE RURALE EDUCA ORIENT;;53290936529;fermé;inconnue;Rue de Châteaulin 29190 Pleyben;Rennes;Bretagne;Oui;mfr;mfr;1;;2021-12-17;0291603K;0291603K;;
77939329700014;0261097B;MAISON FAMILIALE RURALE ET D'EDUCATION;;82260161826;actif;responsable_formateur;10 Rue de l'Europe 26140 Anneyron;Grenoble;Auvergne-Rhône-Alpes;Oui;mfr;mfr;2;1;2021-12-17;0261097B;0261097B;0692436Y;
77831080500016;0251816N;MAISON FAMILIALE RURALE EDUCATION ORIENT;;43250195625;actif;responsable_formateur;Sous les Sangles 25500 Les Fins;Besançon;Bourgogne-Franche-Comté;Oui;mfr;mfr;;1;2021-12-17;0251816N;0251816N;;
77835631100010;0251773S;ASS MAISON FAMILIALE ET INSTITUT RURAL;;43250148225;actif;responsable_formateur;36 Rue de Jésus 25530 Vercel-Villedieu-le-Camp;Besançon;Bourgogne-Franche-Comté;Oui;mfr;mfr;;1;2021-12-17;0251773S;0251773S;0251824X;
77833200700013;0251729U;MAISON FAMILIALE RURALE;;43250169125;actif;responsable_formateur;Rue des Planches 25660 Morre;Besançon;Bourgogne-Franche-Comté;Oui;mfr;mfr;;1;2021-12-17;0251729U;0251729U;;
32274692600011;0241092G;MAISON FAMILIALE RURALE DE PERIGUEUX;;72240025424;actif;responsable_formateur;20 Rue de Beaulieu 24000 Périgueux;Bordeaux;Nouvelle-Aquitaine;Oui;;mfr;;3;2021-12-17;0241092G;0241092G;;
33473281500017;0241072K;MAISON FAMILIALE RURALE DU PERIGORD NOIR;;72240079024;actif;responsable_formateur;Place du Champ de Mars 24590 Salignac-Eyvigues;Bordeaux;Nouvelle-Aquitaine;Oui;mfr;mfr;;1;2021-12-17;0241072K;0241072K;;
31172039500020;0241068F;MAISON FAMILIALE RURALE DU RIBERACOIS;;72240035924;actif;responsable_formateur;MAISON FAMILIALE RURALE 24600 VANXAINS;Bordeaux;Nouvelle-Aquitaine;Oui;mfr;mfr;;2;2021-12-17;0241068F;0241068F;;
78166963500018;0241048J;MAISON FAMILIALE RURALE;;75240195924;actif;responsable_formateur;Cité de Picou 24130 La Force;Bordeaux;Nouvelle-Aquitaine;Oui;mfr;mfr;;1;2021-12-17;0241048J;0241048J;0332981L;
78174099800013;0241047H;MAISON FAMILIALE RURALE DU PERIGORDVERT;;72240033624;actif;responsable_formateur;La Filolie 24800 Thiviers;Bordeaux;Nouvelle-Aquitaine;Oui;mfr;mfr;;2;2021-12-17;0241047H;0241047H;;
77739516100014;0221712S;MAISON FAMILIALE RURALE EDUCA ORIENT;;53220249322;actif;responsable_formateur;33 Rue Anatole le Braz 22600 Loudéac;Rennes;Bretagne;Oui;mfr;mfr;;1;2021-12-17;0221712S;0221712S;0222010R;
19210012100024;;LYCEE GENERAL TECHNO STEPHEN LIEGEARD;CTRE ACAD FORMATION CONTINUE;;actif;inconnue;60e Avenue du 14 Juillet 21300 Chenôve;Dijon;Bourgogne-Franche-Comté;Non;;mfr;;;2021-12-17;0212057X;0212057X;;
77825876400019;0211579C;MAISON FAMILIALE RURALE;;26210336121;actif;responsable_formateur;10 Rue du Couvent 21140 Semur-en-Auxois;Dijon;Bourgogne-Franche-Comté;Oui;mfr;mfr;;1;2021-12-17;0211579C;0211579C;;
77824817900013;0211575Y;MAISON FAMILIALE RURALE;;26210138421;actif;responsable_formateur;Grande Rue 21200 Ruffey-lès-Beaune;Dijon;Bourgogne-Franche-Comté;Oui;mfr;mfr;1;1;2021-12-17;0211575Y;0211575Y;0212209M;
77824598500024;0211530Z;MAISON FAMIL INST EDUCATION ORIENTATION;;26210055021;actif;responsable_formateur;33 Boulevard de Bellevue 21800 Quetigny;Dijon;Bourgogne-Franche-Comté;Oui;mfr;mfr;;1;2021-12-17;0211530Z;0211530Z;;
77816355000016;0211529Y;MAISON FAMILIALE RURALE;;26210279821;actif;responsable_formateur;Baigneux-les-Juifs;Dijon;Bourgogne-Franche-Comté;Oui;mfr;mfr;;1;2021-12-17;0211529Y;0211529Y;;
77849371800010;0700957K;MAISON FAMILIALE RURALE;;43700023870;actif;responsable_formateur;13 Rue de la Vaivre 70320 Aillevillers-et-Lyaumont;Besançon;Bourgogne-Franche-Comté;Oui;mfr;mfr;;1;2021-12-17;0700957K;0700957K;;
78135632400017;0171552V;MFR DE LA SAINTONGE ET DE L AUNIS;;54170134917;actif;responsable_formateur;15 Avenue de Saintes 17240 Saint-Genis-de-Saintonge;Poitiers;Nouvelle-Aquitaine;Oui;mfr;mfr;;5;2021-12-17;0171552V;0171552V;;
78131244200028;0171318R;MAISON FAMILIALE D'EDUCAT ET D ORIENTATION FORET ENVIRONNEMENT;;54170034217;actif;responsable_formateur;74 Avenue de Paris 17210 Chevanceaux;Poitiers;Nouvelle-Aquitaine;Oui;mfr;mfr;;1;2021-12-17;0171318R;0171318R;;
78136153000012;0171291L;MAISON FAMILIALE RURALE EDUCATION ORIENT;;54170045017;actif;responsable_formateur;2 Route de Roiffé 17700 Saint-Pierre-La-Noue;Poitiers;Nouvelle-Aquitaine;Oui;mfr;mfr;;2;2021-12-17;0171291L;0171291L;;
78125674800018;;MAISON FAMILIALE RURALE DE SAINT PROJET;;75160106716;fermé;inconnue;Taponnat-Fleurignac;Poitiers;Nouvelle-Aquitaine;Oui;;mfr;1;;2021-12-17;0161043X;0161043X;;
78118129200025;0161042W;MAISON FAMILIALE RURALE EDUC ORIENTATION;;54160018416;actif;responsable_formateur;ANCIENNE ABBAYE SAINT GILLES 16190 MONTMOREAU;Poitiers;Nouvelle-Aquitaine;Oui;mfr;mfr;;2;2021-12-17;0161042W;0161042W;;
78119478200012;0161002C;MAISON FAMILIALE RURALE D'EDUCATION ET D'ORIENTATION DES CHARENTES A RICHEMONT - INSTITUT SUPERIEUR DE FORMATION PAR ALT;INSTITUT DE RICHEMONT;54160018516;actif;responsable_formateur;12 Route de l'Ancien Séminaire 16370 Cherves-Richemont;Poitiers;Nouvelle-Aquitaine;Oui;mfr;mfr;;2;2021-12-17;0161002C;0161002C;0861423E;
33778063900023;0161000A;MAISON FAMILIALE RURALE;;54160018716;actif;responsable_formateur;12 Rue Ernest Merlin 16200 Jarnac;Poitiers;Nouvelle-Aquitaine;Oui;mfr;mfr;;5;2021-12-17;0161000A;0160755J;0161000A;
33778074600018;0160755J;MAISON FAMILIALE RURALE D'EDUCATION ET D'ORIENTATION  DE TRIAC-LAUTRAIT;;54160068816;actif;responsable_formateur;Triac-Lautrait;Poitiers;Nouvelle-Aquitaine;Oui;mfr;mfr;;1;2021-12-17;0160755J;0160755J;0161000A;
77910548500014;0150688S;MAIS FAMIL RUR D'EDUCATION ET ORIENTATIO;;83150293115;actif;responsable_formateur;Route de Massales 15100 Saint-Flour;Clermont-Ferrand;Auvergne-Rhône-Alpes;Oui;mfr;mfr;1;2;2021-12-17;0150688S;0150688S;;
78075147500010;0141904U;MAISON FAMILIALE RURALE EDUCAT ET ORIENT;;25140132414;actif;responsable_formateur;Route de la Bagotiere 14220 Les Moutiers-en-Cinglais;Normandie;Normandie;Oui;mfr;mfr;;1;2021-12-17;0141904U;0141904U;;
78073249100011;0141902S;ASS DES MAISONS FAMILIALES BALLEROY;;25140027714;actif;responsable_formateur;81 Rue des Forges (Balleroy) 14490 Balleroy-sur-Drôme;Normandie;Normandie;Oui;mfr;mfr;;1;2021-12-17;0141902S;0141902S;;
31150973100015;0291604L;MAISON FAMILIALE RURALE EDUCA ORIENT;;53290350229;actif;responsable_formateur;15 rue des Ecoles 29860 Plabennec;Rennes;Bretagne;Oui;mfr;mfr;;2;2021-12-17;0291604L;0291604L;;
43320759400014;;MAISON FAMILIALE DU LITTORAL OUEST;;96973042897;fermé;inconnue;Boulevard Sicart 97360 Mana;Guyane;Guyane;Oui;;mfr;1;;2021-12-17;9730367L;9730367L;;
77727960500011;0820776Y;MFR SUD AGROMAT-CAMPUS ALTERNANCE;;73820055182;actif;responsable_formateur;584 Chemin de Jouan Petit 82700 Escatalens;Toulouse;Occitanie;Oui;mfr;mfr;;2;2021-12-17;0820776Y;0820776Y;;
32290470700013;;MFR SAINT -DIE - LA PORTE D'ALSACE;;41880128488;fermé;inconnue;34 Chemin du Réservoir 88100 Saint-Dié-des-Vosges;Nancy-Metz;Grand Est;Oui;;mfr;1;;2021-12-17;0881450Y;0881450Y;;
78148515600017;0790991Y;MAISON FAMILIALE EDUCATION ORIENTATION;;54790012179;actif;responsable_formateur;RTE ALLONNE 79130 SECONDIGNY;Poitiers;Nouvelle-Aquitaine;Oui;mfr;mfr;;1;2021-12-17;0790991Y;0161002C;0790991Y;
77753858800016;0291844X;INSTITUT RURAL SUD FINISTERE;;53290932029;actif;responsable_formateur;Elliant;Rennes;Bretagne;Oui;mfr;mfr;;1;2021-12-17;0291844X;0291844X;;
33499365600019;0741236S;MAISON FAMILIALE RURALE;;82740251174;actif;responsable_formateur;1154 Route des alluaz 74380 Bonne;Grenoble;Auvergne-Rhône-Alpes;Oui;mfr;mfr;1;1;2021-12-17;0741236S;0692436Y;0741236S;
30869892700016;;MAISON FAMILIALE LES EBEAUX;;84740385674;fermé;inconnue;35 Place de la Mairie 74350 Cruseilles;Grenoble;Auvergne-Rhône-Alpes;Oui;;mfr;2;;2021-12-17;0741120R;0741120R;;
77857240400029;0711452T;MAISON FAMI RURALE EDUCATION ORIENTATION;;26710027171;actif;responsable_formateur;Allée Faustin Potain 71800 La Clayette;Dijon;Bourgogne-Franche-Comté;Oui;mfr;mfr;;1;2021-12-17;0711452T;0711452T;;
30469122300149;;FEDERATION REGIONALE DES MFR;ANTENNE DE CFA AGRICOLE 3579R;;fermé;inconnue;234 Route de Charly 69230 Saint-Genis-Laval;Lyon;Auvergne-Rhône-Alpes;Non;;mfr;4;;2021-12-17;0693579R;0011073L;0693579R;
78098421700015;0611038X;ASS DES MAISONS FAMILIALES DE TRUN;;25610089961;actif;responsable_formateur;Route d'Argentan 61160 Trun;Normandie;Normandie;Oui;mfr;mfr;;1;2021-12-17;0611038X;0611038X;;
33465213800010;0211531A;MAISON FAMILIALE RURALE EDUCATORIENTAT;;27210375821;actif;responsable_formateur;Liernais;Dijon;Bourgogne-Franche-Comté;Oui;mfr;mfr;;1;2021-12-17;0211531A;0211531A;0212238U;
32295961000021;0320663X;MAISON FAMILIALE RURALE;;73320055832;actif;responsable_formateur;La Bourdette 32430 Cologne;Toulouse;Occitanie;Oui;mfr;mfr;;1;2021-12-17;0320663X;0320663X;;
40918828100029;0133915K;MAISON FAMILIALE RURALE D EDUCATION ET D ORIENTATION RHONE ALPILLES;;93131600613;actif;responsable_formateur;2 Rue de la Garrigue 13310 Saint-Martin-de-Crau;Aix-Marseille;Provence-Alpes-Côte d'Azur;Oui;mfr;mfr;;;2021-12-17;0133915K;0133915K;0133989R;
78835245800012;0441836G;MAISON FAMILIALE RURALE EDUCAT ORIENTAT;;52440127044;actif;responsable_formateur;20 Rue du Prieuré 44320 Saint-Père-en-Retz;Nantes;Pays de la Loire;Oui;mfr;mfr;;1;2021-12-17;0441836G;0441836G;;
77915044000013;;MAISON FAMIL RURALE EDUCAT ORIENT;;83430315343;fermé;inconnue;5 Rue Casati 43250 Sainte-Florine;Clermont-Ferrand;Auvergne-Rhône-Alpes;Oui;;mfr;2;;2021-12-17;0430886E;0430886E;;
30870556500015;0421185K;MAISON FAMILIALE;;82420207342;actif;responsable_formateur;22 Route de Jonzieux 42660 Marlhes;Lyon;Auvergne-Rhône-Alpes;Oui;mfr;mfr;1;1;2021-12-17;0421185K;0421185K;0692436Y;
77541137400025;0410957T;MAISON FAMILIALE RURALE DU VENDOMOIS;;24410135441;actif;responsable_formateur;15 Chemin de Moncé 41100 Saint-Firmin-des-Prés;Orléans-Tours;Centre-Val de Loire;Oui;mfr;mfr;;1;2021-12-17;0410957T;0410957T;;
77957043100014;;MAISON FAMILIALE RURALE EDUC ORIENT DE MOIRANS;;82380010638;fermé;inconnue;Rue du Vergeron 38430 Moirans;Grenoble;Auvergne-Rhône-Alpes;Oui;;mfr;2;;2021-12-17;0382938M;0382938M;0383227B;
77964004400029;0382438U;MAISO FAMIL RURAL TRIEVES BEAUMONT MATHE;;82380466038;actif;responsable_formateur;50 Avenue de Rivalta 38450 Vif;Grenoble;Auvergne-Rhône-Alpes;Oui;mfr;mfr;1;1;2021-12-17;0382438U;0382438U;;
77948850100015;0382436S;MAISON FAMIL RURALE DEDUC ORIEN DE MOZAS;;82380481838;actif;responsable_formateur;4 Chemin de Mozas 38300 Bourgoin-Jallieu;Grenoble;Auvergne-Rhône-Alpes;Oui;mfr;mfr;1;1;2021-12-17;0382436S;0382432M;0382436S;
42940000500030;;FED REG DES  MAISONS FAMILIALES RURALES;;;actif;inconnue;3 Rue Yvan Audouard 13200 Arles;Aix-Marseille;Provence-Alpes-Côte d'Azur;Non;;mfr;;;2021-12-17;0133509U;0133509U;;
30394026600016;0132823Y;MAISON FAMILIALE RURALE;;93130640613;actif;responsable_formateur;213 Avenue Henri Froidfond 13114 Puyloubier;Aix-Marseille;Provence-Alpes-Côte d'Azur;Oui;mfr;mfr;;1;2021-12-17;0132823Y;0132823Y;;
33187461000016;0132278F;MAISON FAMILIALE RURALE;;93131703113;actif;responsable_formateur;la Rebutte 13570 Barbentane;Aix-Marseille;Provence-Alpes-Côte d'Azur;Oui;mfr;mfr;;1;2021-12-17;0132278F;0132278F;;
33500144200011;0132149R;ASSOC MAISON FAMIL RURALE EDUCA ORIENTAT;;93130368513;actif;responsable_formateur;Draille de Beauchamp 13630 Eyragues;Aix-Marseille;Provence-Alpes-Côte d'Azur;Oui;mfr;mfr;;1;2021-12-17;0132149R;0132149R;0133835Y;
33392505500019;0261096A;MAISON FAM RURALE EDUCATION ORIENTATION;;82260182926;actif;responsable_formateur;Route de Grane 26400 Divajeu;Grenoble;Auvergne-Rhône-Alpes;Oui;;mfr;1;2;2021-12-17;0261096A;0261096A;;
78273673000014;0132010P;ASS MAISO FAMIL CANTON LAMBESC;;93131811213;actif;responsable_formateur;Lambesc;Aix-Marseille;Provence-Alpes-Côte d'Azur;Oui;;mfr;;1;2021-12-17;0132010P;0132010P;0133509U;
32666262400039;9741058G;MAISON FAMILIALE RURALE DE LA PLAINE DES PALMISTES;;4973262997;actif;inconnue;Rue Arzal Adolphe 97431 La Plaine-des-Palmistes;La Réunion;La Réunion;Oui;mfr;mfr;;;2021-12-17;9741762X;9741058G;9741762X;
33176303700024;;MAISON FAMILIALE RURALE DE L OUEST;;4973282797;actif;inconnue;31 Chemin Gros Eucalyptus 97422 Saint-Paul;La Réunion;La Réunion;Oui;mfr;mfr;;;2021-12-17;9741711S;9741059H;9741711S;
81229926100063;;SPL ASSISTANCE A LA FORMATION PROFESSIONNELLE DES ADULTES A LA REUNION;CFPA DE SAINT PIERRE;;actif;inconnue;65 Rue du Père Lafosse 97410 Saint-Pierre;La Réunion;La Réunion;Non;;mfr;4;;2021-12-17;9741306B;9741306B;9741632F;
32444645900012;9741057F;ASS MAISON FAMILIALE RURALE EDUCA ORIENT;;4973263897;actif;responsable_formateur;1091 Chemin Bel Ombre 97440 Saint-André;La Réunion;La Réunion;Oui;mfr;mfr;;1;2021-12-17;9741057F;9741057F;9741782U;
32057524400019;9741056E;ASSMAISON FAMILRURALEDUCATORIENTAT;;4973212797;actif;inconnue;9 Rue Paul Hermann 97430 Le Tampon;La Réunion;La Réunion;Oui;mfr;mfr;;;2021-12-17;9741056E;9741056E;9741695Z;
38176405900022;;FEDER DEPART MAIS FAMIL RUR EDUC ORIENT;CEN FORMA APPRENTIS FEDE MFR GPE;;actif;inconnue;41 Rue Antoine Lardenoy 97100 Basse-Terre;Guadeloupe;Guadeloupe;Non;;mfr;1;;2021-12-17;9711179E;9711179E;9711280P;
38862894300010;0881711G;ASSOCIATION MAISON FAMILLIALE GUGNECOURT;;41880029788;actif;responsable_formateur;265 Grande Rue 88600 Gugnécourt;Nancy-Metz;Grand Est;Oui;mfr;mfr;;1;2021-12-17;0881711G;0551027T;0881711G;
78347843100019;0881593D;ASSOCIATION DE LA MAISON FAMILIALE RURALE DE SAULXURES SUR MOSELOTTE;ASSOCIATION DE LA MAISON FAMILIALE RURALE DE SAULXURES SUR MOSELOTTE;41880008788;actif;responsable_formateur;Rue de Basinroche 88290 Saulxures-sur-Moselotte;Nancy-Metz;Grand Est;Oui;;mfr;;2;2021-12-17;0881593D;0881593D;0881722U;
78344966300013;0881592C;MAISON FAMILIALE RURALE EDUC ORIENTATION;;41880125888;actif;responsable_formateur;29 Rue de l'Eglise 88220 Hadol;Nancy-Metz;Grand Est;Oui;mfr;mfr;;1;2021-12-17;0881592C;0881592C;;
78342337900016;0881547D;MAISON FAMIL RURALE EDUCATION ORIENT;;41880115288;actif;responsable_formateur;178 Rue des Récollets 88140 Bulgnéville;Nancy-Metz;Grand Est;Oui;mfr;mfr;;1;2021-12-17;0881547D;0881547D;;
33500462800012;0840796J;MAISO FAMIL RURAL EDUCA ORIENT;;93840126884;actif;responsable_formateur;QUA QUARTIER LA FERRAGE 84240 LA TOUR D'AIGUES;Aix-Marseille;Provence-Alpes-Côte d'Azur;Oui;mfr;mfr;;1;2021-12-17;0840796J;0840796J;;
77724791700019;0811036L;CTRE DE FORMATION PAR ALTERNANCE;;73810017781;actif;responsable_formateur;Chemin de La Roque 81440 Peyregoux;Toulouse;Occitanie;Oui;mfr;mfr;;2;2021-12-17;0811036L;0811036L;;
40414402400019;0801631N;MAIS FAMILIALE RURALE EDUCATION ORIENTAT;;22800116680;actif;inconnue;14 Rue Roger Salengro 80140 Oisemont;Amiens;Hauts-de-France;Oui;mfr;mfr;;;2021-12-17;0801631N;0801631N;;
78062659400011;0801630M;MAISON FAMIL RURALE EDUC ORIEN;;32800203480;actif;responsable_formateur;36 Rue du Général Leclerc 80160 Conty;Amiens;Hauts-de-France;Oui;mfr;mfr;;1;2021-12-17;0801630M;0801630M;;
78501118000029;0772333T;ASS FAMILIALE EDUCATION GATINAIS;;11770664077;actif;inconnue;72 Avenue du Maréchal Leclerc 77460 Souppes-sur-Loing;Créteil;Île-de-France;Oui;mfr;mfr;;;2021-12-17;0772333T;0772333T;;
78100293600016;0762630W;MAISON FAMILIAL RURAL EDUCATION ORIENTAT;;23760487776;actif;responsable_formateur;Route de Sommery (Buchy) 76750 Buchy;Normandie;Normandie;Oui;mfr;mfr;;;2021-12-17;0762630W;0762630W;;
78074754900019;0141872J;MFR-CENTRE DE FORMATION MALTOT;;25140002614;actif;responsable_formateur;LD LA FRANCE 14930 MALTOT;Normandie;Normandie;Oui;mfr;mfr;;;2021-12-17;0141872J;0141872J;0142260F;
30488998300017;0741238U;MAISON FAMIL EDUCAT ORIENTAT;;82740230574;actif;responsable_formateur;6 Route de la catie 74330 La Balme-de-Sillingy;Grenoble;Auvergne-Rhône-Alpes;Oui;mfr;mfr;1;1;2021-12-17;0741238U;0741238U;0741503G;
30469122300115;0741453C;FEDERATION REGIONALE DES MFR;MAISON FAMIL APPRENT SEMINE;;actif;inconnue;Franclens;Grenoble;Auvergne-Rhône-Alpes;Non;;mfr;3;;2021-12-17;0741453C;0741453C;;
77661994200019;0741240W;MAISON FAMILIALE RURALE D EDUCATION ET D ORIENTATION DE SALLANCHES LE BELVEDERE;;82740225174;actif;responsable_formateur;401 Rue de montagny 74700 Sallanches;Grenoble;Auvergne-Rhône-Alpes;Oui;mfr;mfr;;1;2021-12-17;0741240W;0692436Y;0741240W;
50264547600016;0741253K;MAISON FAMILIALE RURALE D'ANNECY LE VIEUX;INSTITUT RURAL DES MFR;82740032474;actif;responsable_formateur;Chemin du périmètre (Annecy) 74940 Annecy;Grenoble;Auvergne-Rhône-Alpes;Oui;mfr;mfr;1;3;2021-12-17;0741253K;0692436Y;0741253K;
39759221300011;0741438L;MAISON FAMILIALE RURALE PAYS SEYSSEL;;82740249774;actif;responsable_formateur;6 Rue des oudets 74910 Seyssel;Grenoble;Auvergne-Rhône-Alpes;Oui;mfr;mfr;1;1;2021-12-17;0741438L;0741438L;;
32642100500017;0741502F;MAISON FAMILIALE RURALE EDUC ET ORIENTAT;;82740226074;actif;responsable_formateur;Chemin du villaret 74230 Thônes;Grenoble;Auvergne-Rhône-Alpes;Oui;mfr;mfr;1;1;2021-12-17;0741437K;0741437K;0741502F;
33453366800011;0741408D;MAISON FAMILIALE RURALE EDUC ORIENTATION;;84740369874;actif;responsable_formateur;Route des Dronières 74350 Cruseilles;Grenoble;Auvergne-Rhône-Alpes;Oui;mfr;mfr;1;1;2021-12-17;0741408D;0692436Y;0741120R;
77664383500015;0741328S;CTRE FORMAT APPRENTIS MAISONS FAMILIALES;;84740388774;actif;responsable_formateur;Vulbens;Grenoble;Auvergne-Rhône-Alpes;Oui;;mfr;1;1;2021-12-17;0741328S;0741328S;;
77658564800012;0740293S;C DE FORM APPRENTIS MAISON FAMILIALE;;84740338174;actif;responsable_formateur;Route des cinq chemins 74200 Margencel;Grenoble;Auvergne-Rhône-Alpes;Oui;;mfr;1;1;2021-12-17;0740293S;0740293S;;
30294865800018;0721425H;MAISON FAMILIALE RURALE;;52720168272;actif;responsable_formateur;6 Rue de Rosay 72610 Fyé;Nantes;Pays de la Loire;Oui;;mfr;;1;2021-12-17;0721425H;0721425H;;
30469122300156;0692436Y;FEDERATION REGIONALE DES MFR;;82690986269;actif;responsable;Chemin Jean-Marie Vianney 69130 Écully;Lyon;Auvergne-Rhône-Alpes;Non;;mfr;53;;2021-12-17;0692436Y;0382275S;0382432M;
77965620600017;0693067J;MAISON FAMILIALE RURALE LA PALMA;;82691215969;actif;responsable_formateur;226 Chemin de la Palma 69210 L'Arbresle;Lyon;Auvergne-Rhône-Alpes;Oui;mfr;mfr;1;1;2021-12-17;0693067J;0693067J;;
30292798300023;0692918X;MAISON FAMILIALE RURALE CHESSY;;82691138069;actif;responsable_formateur;68 Avenue de la Gare 69380 Chessy;Lyon;Auvergne-Rhône-Alpes;Oui;mfr;mfr;;1;2021-12-17;0692918X;0692918X;;
30293143100019;0692715B;ASS DE LA MAISON FAMILIALE;;82691132569;actif;responsable_formateur;Chemin de la Brossonnière 69280 Sainte-Consorce;Lyon;Auvergne-Rhône-Alpes;Oui;mfr;mfr;1;1;2021-12-17;0692715B;0692436Y;0692715B;
33532490100016;0692713Z;MAISON FAMIL RURALE BEAUJOLAIS;;82691425669;actif;responsable_formateur;Rue de Sermezy 69220 Charentay;Lyon;Auvergne-Rhône-Alpes;Oui;mfr;mfr;;1;2021-12-17;0692713Z;0692713Z;;
77978834800018;0692708U;MAISON FAMILIALE RURALE D'EDUCATION ET D'ORIENTATION DE VILLIE-MORGON;;82691375669;actif;responsable_formateur;194 Montée des Gaudets 69910 Villié-Morgon;Lyon;Auvergne-Rhône-Alpes;Oui;mfr;mfr;1;1;2021-12-17;0692708U;0692708U;;
77973955600016;0692706S;MAISON FAMILIALE RURALE EDUCAT & ORIENT;;82691178769;actif;responsable_formateur;Saint-Laurent-de-Chamousset;Lyon;Auvergne-Rhône-Alpes;Oui;mfr;mfr;1;2;2021-12-17;0692706S;0692436Y;0692706S;
77970317200014;0692705R;ASS MAISONS FAMILIALES HAUTE AZERGUES;;82690081769;actif;responsable_formateur;route de panissière 69870 Lamure-sur-Azergues;Lyon;Auvergne-Rhône-Alpes;Oui;mfr;mfr;1;1;2021-12-17;0692705R;0692436Y;0692705R;
78638426300012;0851307J;MAISON FAMIL RURALE EDUCATION ET ORIENTA;;52850135185;actif;responsable_formateur;4 Route de la roche 85480 Bournezeau;Nantes;Pays de la Loire;Oui;mfr;mfr;;1;2021-12-17;0851307J;0851307J;;
78401839200018;0623833E;MAISON FAMILIALE RURALE EDUCATION ORIENT;;31620051862;actif;responsable_formateur;Hucqueliers;Lille;Hauts-de-France;Oui;mfr;mfr;;;2021-12-17;0623833E;0623833E;;
78215842200025;0470818J;MFR VALLEE DU LOT CASTELMORON;;72470021947;actif;responsable_formateur;Allee de Comarque 47260 Castelmoron-sur-Lot;Bordeaux;Nouvelle-Aquitaine;Oui;mfr;mfr;1;1;2021-12-17;0470818J;0470818J;;
32252047900013;0550960V;MAISON FAMILIALE ET RURALE;;41550014855;actif;responsable_formateur;Rue des Lilas 55700 Stenay;Nancy-Metz;Grand Est;Oui;mfr;mfr;;2;2021-12-17;0550960V;0550960V;;
78338935600016;0550958T;MAISON FAMIL RURALE EDUC ORIEN;;41550046955;actif;responsable_formateur;Damvillers;Nancy-Metz;Grand Est;Oui;mfr;mfr;;2;2021-12-17;0550958T;0550958T;;
78341511000015;0550892W;ASS MAISONS FAMILIALES VIGNEULLES HATTON;;41550010455;actif;responsable_formateur;Rue du Château des 4 Vents 55210 Vigneulles-lès-Hattonchâtel;Nancy-Metz;Grand Est;Oui;mfr;mfr;;1;2021-12-17;0550892W;0550892W;0551027T;
44893459600017;0741630V;MAISON FAMILIALE CHAMP MOLLIAZ;;82740232774;actif;responsable_formateur;261 Route de lossy 74380 Cranves-Sales;Grenoble;Auvergne-Rhône-Alpes;Oui;;mfr;1;1;2021-12-17;0741630V;0741630V;;
30287992900016;0520901X;MAISON FAMILIALE RURALE EDUCATION ORIENT;;21520027552;actif;responsable_formateur;Rue Toupot de Beveaux 52270 Doulaincourt-Saucourt;Reims;Grand Est;Oui;mfr;mfr;;1;2021-12-17;0520901X;0520901X;;
30234347000019;0511733G;MAISON FAMILIALE RURALE EDUCATION ORIENT;;44510200651;actif;responsable_formateur;Auve;Reims;Grand Est;Oui;mfr;mfr;;1;2021-12-17;0511733G;0511733G;;
30286824500010;0511732F;MAISON FAMILIALE RURALE EDUCATION ORIENT;;21510123251;actif;responsable_formateur;66 Rue de la Croliere 51130 Blancs-Coteaux;Reims;Grand Est;Oui;mfr;mfr;1;1;2021-12-17;0511732F;0511732F;;
30287640400021;0511676V;MAISON FAMILIALE RURALE EDUCATION O;;21510125051;actif;responsable_formateur;19 Avenue Saint-Vincent 51130 Blancs-Coteaux;Reims;Grand Est;Oui;mfr;mfr;;2;2021-12-17;0511676V;0511676V;;
48388277500024;0492491S;ASS MAISON FAMILIALE RURALE SAILLERIE;;52490035249;actif;inconnue;2 Rue Pilastre 49100 Angers;Nantes;Pays de la Loire;Oui;;mfr;;;2021-12-17;0492491S;0492491S;;
32153880300024;0711453U;MAISON FAMILI RURAL CHAROLLAIS BRIONNAIS;;26710221271;actif;responsable_formateur;Anzy-le-Duc;Dijon;Bourgogne-Franche-Comté;Oui;mfr;mfr;;;2021-12-17;0711453U;0711453U;0711933R;
30021970600011;0460664X;MAISON FAMILIALE RURALE EDUCAT ORIENTAT;;76460054746;actif;responsable_formateur;Terrou;Toulouse;Occitanie;Oui;mfr;mfr;;1;2021-12-17;0460664X;0460664X;;
78189192400016;0332471G;MAISON FAMILIALE DU LIBOURNAIS;;72330480833;actif;responsable_formateur;Lieu Dit la Tour Blanche 33230 Les Églisottes-et-Chalaures;Bordeaux;Nouvelle-Aquitaine;Oui;mfr;mfr;;3;2021-12-17;0332471G;0332471G;;
78605070800019;0442614C;ASSO MAIS FAM RURALES;;52440581344;actif;responsable_formateur;Chemin de Bellevue 44360 Saint-Étienne-de-Montluc;Nantes;Pays de la Loire;Oui;;mfr;;;2021-12-17;0442614C;0441969B;0442614C;
31124794400011;0421859T;MAIS FAMIL RURAL EDUC ORIENT;;82420259742;actif;responsable_formateur;848 Route de Montbrison 42600 Mornand-en-Forez;Lyon;Auvergne-Rhône-Alpes;Oui;mfr;mfr;1;2;2021-12-17;0421859T;0421859T;0692436Y;
33509089000013;0421288X;MAISON FAMILIALE RURALE;;82420199642;actif;responsable_formateur;31 Avenue d'Allard 42600 Montbrison;Lyon;Auvergne-Rhône-Alpes;Oui;mfr;mfr;1;1;2021-12-17;0421288X;0421288X;;
78201137300019;0332472H;MFR DE L ENTRE 2 MERS;;72330845333;actif;responsable_formateur;67 Rue du Gestas 33670 La Sauve;Bordeaux;Nouvelle-Aquitaine;Oui;mfr;mfr;;2;2021-12-17;0332472H;0332472H;0332981L;
30283111000010;0382432M;MAISON FAMILIA RURALE EDUCATION ORIENTAT;;82380506138;actif;responsable_formateur;Route de Lyon 38300 Bourgoin-Jallieu;Grenoble;Auvergne-Rhône-Alpes;Oui;mfr;mfr;1;1;2021-12-17;0382432M;0382432M;0382436S;
30282597100021;0382442Y;MAISON FAMILIALE RURALE;;84380656838;actif;responsable_formateur;148 Rue Emmanuel Mounier 38920 Crolles;Grenoble;Auvergne-Rhône-Alpes;Oui;;mfr;1;1;2021-12-17;0382442Y;0382442Y;0692436Y;
33532344000016;0382439V;MAISON FAMILIALE RURALE EDUCATION ORIENT;;82380520538;actif;responsable_formateur;LD LA COLOMBIERE 38160 CHATTE;Grenoble;Auvergne-Rhône-Alpes;Oui;mfr;mfr;1;1;2021-12-17;0382439V;0382439V;0383103S;
42156674600010;0382435R;MAISON FAMRURALE LE VILLAGE;;82380504538;actif;responsable_formateur;4 Rue Michelet 38490 Saint-André-le-Gaz;Grenoble;Auvergne-Rhône-Alpes;Oui;mfr;mfr;1;1;2021-12-17;0382435R;0382435R;0383246X;
77950951200017;0382433N;MAISON FAMILIALE RURALE;;82380067138;actif;responsable_formateur;Eyzin-Pinet;Grenoble;Auvergne-Rhône-Alpes;Oui;mfr;mfr;2;1;2021-12-17;0382433N;0382433N;0383027J;
77531640900033;0371409F;MAISON FAMILIALE RURALE DU VAL DE MANSE;;24370312837;actif;responsable_formateur;10 Route de Brou 37800 Noyant-de-Touraine;Orléans-Tours;Centre-Val de Loire;Oui;mfr;mfr;;1;2021-12-17;0371409F;0371409F;;
77531648200022;0370983T;MAISON FAMILIALE D'EDUCATION ET D'ORIENTATION DE SORIGNY;;24370208637;actif;responsable_formateur;18 Rue des Courances 37250 Sorigny;Orléans-Tours;Centre-Val de Loire;Oui;;mfr;;1;2021-12-17;0370983T;0370983T;;
39197034000017;0050606G;MFR LA MONTAGNE;;93050068705;actif;responsable_formateur;200 Chemin de la M F R 05300 Ventavon;Aix-Marseille;Provence-Alpes-Côte d'Azur;Oui;mfr;mfr;;1;2021-12-17;0050606G;0050606G;0133509U;
77901965200014;0030908W;MAISON FAMILIALE RURAL EDUCAT ORIENTAT;;83030347903;actif;responsable_formateur;Lieu Dit Lieu Jay 03320 Limoise;Clermont-Ferrand;Auvergne-Rhône-Alpes;Oui;mfr;mfr;1;1;2021-12-17;0030908W;0030908W;;
30766741000012;0312058U;ASSOC MAISON FAMILIALE DE MANE;;73310097131;actif;responsable_formateur;Avenue du Couserans 31260 Mane;Toulouse;Occitanie;Oui;mfr;mfr;;2;2021-12-17;0312058U;0312058U;;
30420192400012;0291601H;MAISONS FAMILIALES DE L'IROISE;;53290332229;actif;responsable_formateur;Route de Ploudalmézeau 29290 Lanrivoaré;Rennes;Bretagne;Oui;mfr;mfr;;1;2021-12-17;0291601H;0291601H;;
32322213300015;0291596C;MAISON FAMIL RURALE EDUCA ORIENT;;53290553629;actif;responsable_formateur;2 Route Park Ar Menez 29100 Poullan-sur-Mer;Rennes;Bretagne;Oui;;mfr;;1;2021-12-17;0291596C;0291596C;0333157C;
78078398100019;0271401B;MAISON FAMILIALE RURALE DE BERNAY;;28270231827;actif;responsable_formateur;Rue Bouffey 27300 Bernay;Normandie;Normandie;Oui;mfr;mfr;;;2021-12-17;0271401B;0271401B;;
48372344100018;0261434T;MAISON FAMILIALE RURALE DES BARONNIES;;84260301826;actif;responsable_formateur;Place du 19 Mars 1962 26170 Buis-les-Baronnies;Grenoble;Auvergne-Rhône-Alpes;Oui;;mfr;1;1;2021-12-17;0261434T;0261434T;;
30701517200017;0251727S;MAISON FAMIL RURAL MIXT EDUC ORIENTATION;;43250097425;actif;responsable_formateur;20 Rue des Granges 25300 Pontarlier;Besançon;Bourgogne-Franche-Comté;Oui;mfr;mfr;;1;2021-12-17;0251727S;0251727S;;
78144401300010;0790989W;MAISON FAMIL RURALE EDUCAT ORIENTATION;;54790027479;actif;responsable_formateur;1 Avenue du Général de Gaulle 79320 Moncoutant-sur-Sèvre;Poitiers;Nouvelle-Aquitaine;Oui;mfr;mfr;;1;2021-12-17;0790989W;0790989W;0861423E;
39297519900010;0251811H;MAISON FAMILIALE RURALE PAYS MONTBELIARD;;43250110925;actif;responsable_formateur;18 Rue du Pont 25350 Mandeure;Besançon;Bourgogne-Franche-Comté;Oui;mfr;mfr;;1;2021-12-17;0251811H;0251811H;0251824X;
78130875400014;0171289J;MAISON FAMILIALE RURALE EDUC ET ORIENTAT;;54170034117;actif;responsable_formateur;1 Avenue Paul Monmoine 17160 Matha;Poitiers;Nouvelle-Aquitaine;Oui;mfr;mfr;;1;2021-12-17;0171289J;0171289J;;
53332982700018;;SOCIETE HIPPIQUE DE VIRE ET DU BOCAGE;;;actif;inconnue;Rue de Picardie 14500 Vire Normandie;Normandie;Normandie;Non;;mfr;;;2021-12-17;0142234C;0142234C;;
30291412200015;0601610Z;ASS DES MAISONS FAMILIALES;;32600348060;actif;responsable_formateur;5 Place du Général de Gaulle 60380 Songeons;Amiens;Hauts-de-France;Oui;mfr;mfr;;2;2021-12-17;0601610Z;0601610Z;;
30703566700012;0623688X;MAISON FAMILIALE RURALE TERNOIS;;32620283262;actif;responsable_formateur;161 Rue de Grand Rullecourt 62810 Berlencourt-le-Cauroy;Lille;Hauts-de-France;Oui;mfr;mfr;;1;2021-12-17;0623688X;0623688X;0624401X;
78835262300011;0441831B;ASS MAISON FAMILIALE RURALE EDUCA ORIENT;;52440705044;actif;responsable_formateur;551 Rue d'Anjou 44440 Riaillé;Nantes;Pays de la Loire;Oui;mfr;mfr;;1;2021-12-17;0441831B;0441831B;;
78818552800023;0121336M;MAISON FAMILIALE RURALE;;73120045112;actif;responsable_formateur;7 Rue de Villelongue 12800 Naucelle;Toulouse;Occitanie;Oui;mfr;mfr;;3;2021-12-17;0121336M;0121336M;;
30550939000020;0080951R;MAISON FAMILIALE D'EDUCATION & ORIENTATI;;21080022308;actif;responsable_formateur;11 Place de la Gare 08300 Lucquy;Reims;Grand Est;Oui;mfr;mfr;;2;2021-12-17;0080951R;0080951R;;
78834302800031;0851235F;MFREO DE L IREO;;52850041485;actif;responsable_formateur;4 Rue les jules verne 85250 Saint-Fulgent;Nantes;Pays de la Loire;Oui;mfr;mfr;;1;2021-12-17;0851235F;0851235F;;
78149436400016;0790993A;MAISON FAMIL RURALE EDUCATION ORIENTATIO;;54790099879;actif;responsable_formateur;4 Rue de la Fraternité 79370 Beaussais-Vitré;Poitiers;Nouvelle-Aquitaine;Oui;mfr;mfr;;1;2021-12-17;0790993A;0790993A;;
78142426200033;0790670Z;MAISON FAMILIALE RURALE EDUCA ORIENTATIO;;54790101679;actif;responsable_formateur;25 Route des Cabanes 79270 Sansais;Poitiers;Nouvelle-Aquitaine;Oui;mfr;mfr;;;2021-12-17;0790670Z;0790670Z;;
33503646300024;0021908N;ASS MAISONS FAMIL EDUC ORIENT;;22020088302;actif;responsable_formateur;12bis Place de la Demi Lune 02260 La Capelle;Amiens;Hauts-de-France;Oui;mfr;mfr;;1;2021-12-17;0021908N;0021908N;;
30469122300131;0011324J;FEDERATION REGIONALE DES MFR;CTRE FORMATION APPRENTIS 1324J;;actif;inconnue;Rue du Bachet 01110 Plateau d'Hauteville;Lyon;Auvergne-Rhône-Alpes;Non;;mfr;3;;2021-12-17;0011324J;0011324J;0692436Y;
78015919000013;0021907M;ASS MAISON FAMILIALE RURALE;;22020014402;actif;responsable_formateur;11 Rue du Pont Cheminet 02290 Ambleny;Amiens;Hauts-de-France;Oui;mfr;mfr;;1;2021-12-17;0021907M;0021907M;;
77934908300013;0011268Y;ASS MAISON FAMIL APPRENTISSAGE;;82010133401;actif;responsable_formateur;Rue Centrale 01360 Balan;Lyon;Auvergne-Rhône-Alpes;Oui;;mfr;1;1;2021-12-17;0011268Y;0011268Y;;
77936480100026;0011171T;ASS MAIS FAMIL RURALE EDUCAT ORIENTATION;;82010132901;actif;responsable_formateur;Avenue des Sports 01290 Pont-de-Veyle;Lyon;Auvergne-Rhône-Alpes;Oui;mfr;mfr;;1;2021-12-17;0011171T;0011171T;0692436Y;
43918302100013;0011170S;MAISON FAMILIALE DE LA DOMBES;;;actif;inconnue;allée de la Saulsaie 01120 Montluel;Lyon;Auvergne-Rhône-Alpes;Non;;mfr;;;2021-12-17;0011170S;0011170S;;
77929544300013;0011074M;ASSOCIATION MAISON FAMILIALE RURALE;;84010222601;actif;responsable_formateur;325 Chemin de Ronde 01380 Bâgé-le-Châtel;Lyon;Auvergne-Rhône-Alpes;Oui;mfr;mfr;1;1;2021-12-17;0011074M;0011074M;0011118K;
77933737700021;0011073L;MAISON FAMILIALE EDUCATION ORIENTATION;;82010144301;actif;responsable_formateur;Chemin de la Vernee 01960 Péronnas;Lyon;Auvergne-Rhône-Alpes;Oui;mfr;mfr;1;1;2021-12-17;0011073L;0011073L;;
33471049800018;0330176M;MAISON FAMILIALE RURALE D'EDUCATION ET D'ORIENTATION DU BLAYAIS;;72330179033;actif;responsable_formateur;Chemin de Frédignac 33390 Saint-Martin-Lacaussade;Bordeaux;Nouvelle-Aquitaine;Oui;mfr;mfr;;1;2021-12-17;0330176M;0330176M;;
42117322000011;0301433V;MAISON FAMILIALE RURALE LE GRAND MAS;;91300014630;actif;responsable_formateur;Route de Nîmes 30700 Uzès;Montpellier;Occitanie;Oui;mfr;mfr;;2;2021-12-17;0301433V;0301433V;0301633M;
30677271600024;0251893X;CENTRE FORMATION BOURGOGNE FRANCHE COMTE;;43250000425;actif;responsable_formateur;15 Impasse des Saint-Martin 25000 Besançon;Besançon;Bourgogne-Franche-Comté;Oui;;mfr;;1;2021-12-17;0251893X;0251893X;;
78835277100018;0441973F;;;;;;;;;;;mfr;;;;;;;
32642100500017;0741502F;;;;;;;;;;;mfr;;;;;;;
41278335900018;0763417B;;;;;;;;;;;mfr;;;;;;;
78128906100017;0171292M;MAISON FAMILIALE RURALE EDUCATION ORIENT;;75170303517;actif;inconnue;17260 CRAVANS;Poitiers;Nouvelle-Aquitaine;Oui;;mfr;;;2024-01-13;0171292M;0171292M;;
77974050500010;0693674U;MAISON FAMILIALE RURALE DES METIERS;;84691517169;actif;responsable_formateur;LES CHARMETTES 69850 SAINT-MARTIN-EN-HAUT;Lyon;Auvergne-Rhône-Alpes;Oui;;mfr;;1;2021-12-17;0693674U;0692436Y;0693674U;
81987284700028;0841203B;MAISON FAMILIALE RURALE D'EDUCATION ET D'ORIENTATION DE HAUT VAUCLUSE;;93840393884;actif;responsable_formateur;1 RTE DE MONTSOLEIL 84500 BOLLENE;Aix-Marseille;Provence-Alpes-Côte d'Azur;Oui;;mfr;;1;2021-12-18;0841203B;0841180B;0841203B;
78640269300018;0851679N;CENTRE DE FORMATION ET DE PROMOTION;;52850014385;actif;responsable_formateur;LE PLESSIS-BERGERET 85280 LA FERRIERE;Nantes;Pays de la Loire;Oui;;mfr;;1;2021-12-19;0851679N;0851345A;0851403N;0851679N
79459084400013;0851436Z;MFR SAINT MICHEL MONT MERCURE;;52850205985;actif;responsable_formateur;RUE GODARD 85700 SEVREMONT;Nantes;Pays de la Loire;Oui;;mfr;;1;2021-12-20;0851436Z;0851345A;0851436Z;0851589R
30295518200019;0731252P;MAISON FAMILIALE RURALE;;82730130673;actif;responsable_formateur;LD LE FONTANIL 73230 SAINT-ALBAN-LEYSSE;Grenoble;Auvergne-Rhône-Alpes;Oui;;mfr;;1;2021-12-21;0731252P;0692436Y;0731252P;
78642897900029;0851663W;CENTRE DE FORMATION ET DE PROMOTION;;52850014085;actif;responsable_formateur;LE MESLAY 85600 MONTAIGU-VENDEE;Nantes;Pays de la Loire;Oui;;mfr;;1;2021-12-22;0851663W;0851345A;0851598A;0851663W
77661993400016;0740296V;MAISON FAMILIAL EDUCAT ORIENTAT MTBLANC;;82740248574;actif;responsable_formateur;240 AV ANDRE LASQUIN 74700 SALLANCHES;Grenoble;Auvergne-Rhône-Alpes;Oui;;mfr;;1;2021-12-23;0740296V;0692436Y;0740296V;0741240W
30476321200020;0694458W;MAISON FAMILIALE RURALE VAL DE COISE;;82691183069;actif;responsable_formateur;291 CHS BEAUVOIR 69590 SAINT-SYMPHORIEN-SUR-COISE;Lyon;Auvergne-Rhône-Alpes;Oui;;mfr;;1;2021-12-24;0694458W;0692436Y;0694458W;
82906328800015;0694366W;MAISON FAMILIALE RURALE D'EDUCATION ET D'ORIENTATION DU CAMPUS DU BEAUJOLAIS;MFR CAMPUS DU MARTELET;84691632469;actif;responsable_formateur;92 RUE DEPAGNEUX 69400 LIMAS;Lyon;Auvergne-Rhône-Alpes;Oui;;mfr;;1;2021-12-25;0694366W;0692436Y;0694366W;
77833721200014;0251980S;MAISON FAMILIALE RURALE LA ROCHE DU TRESOR;;43250169225;actif;inconnue;1 RUE DU PRE 25510 PIERREFONTAINE-LES-VARANS;Besançon;Bourgogne-Franche-Comté;Oui;;mfr;1;;2021-12-26;0251500V;0251500V;0251980S;
39521351500012;0741525F;;;;;;;;;;;mfr;;;;;;;
84939883900027;0222053M;;;;;;;;;;;mfr;;;;;;;
79459078600016;0851589R;;;;;;;;;;;mfr;;;;;;;
