Siret;UAI validée;Raison sociale;Enseigne;numero_declaration_activite;etat_administratif;Nature;Adresse;Académie;Région;Qualiopi;Réseaux;Réseaux à jour;Nombre de relations;Nombre de lieux de formation;Date d'import;UAI probable;UAI potentielle 1;UAI potentielle 2;UAI potentielle 3;UAI potentielle 4;;;;;;;;;;;;;
77976658300115;0692360R;OGEC NOTRE-DAME;;82690648169;actif;responsable_formateur;96 Rue Henri Depagneux 69400 Limas;Lyon;Auvergne-Rhône-Alpes;Oui;cfa ec|cma;cfa_ec|cma;2;1;11/02/2022;0692360R;0692360R;;;;;;;;;;;;;;;;
13002797200152;0780424M;CHAMBRE DE METIERS ET DE L'ARTISANAT DE REGION ILE-DE-FRANCE;CHAMBRE DE METIERS ET DE L'ARTISANAT DE YVELINES;11756120375;actif;formateur;19 Avenue du Général Mangin 78000 Versailles;Versailles;Île-de-France;Oui;;cma;14;1;25/01/2022;0780424M;0780424M;;;;;;;;;;;;;;;;
18972001400035;9720490A;CHAMBRE DE METIERS ET DE L'ARTISANAT;CENTRE DE FORMATION D'APPRENTIS;9797P000797;actif;responsable_formateur;Quartier la Haut 97215 Rivière-Salée;Martinique;Martinique;Oui;cma;cma;1;1;25/01/2022;9720490A;9720490A;;;;;;;;;;;;;;;;
13002607300176;0711078L;CHAMBRE DE METIERS ET DE L'ARTISANAT DE REGION BOURGOGNE FRANCHE-COMTE;CIFA JEAN LAMELOISE;27390124239;actif;responsable_formateur;Voie Romaine 71640 Mercurey;Dijon;Bourgogne-Franche-Comté;Oui;;cma;3;1;03/01/2022;0711078L;0711078L;;;;;;;;;;;;;;;;
13002793100224;0342347S;CHAMBRE DE METIERS ET DE L ARTISANAT DE LA REGION OCCITANIE PYRENEES-MEDITERRANEE;CMA DE L'HERAULT;76311030031;actif;responsable_formateur;154 Rue Bernard Giraudeau 34080 Montpellier;Montpellier;Occitanie;Oui;;cma;15;;03/01/2022;;0342347S;;;;;;;;;;;;;;;;
13002793100190;0320542R;CHAMBRE DE METIERS ET DE L ARTISANAT DE LA REGION OCCITANIE PYRENEES-MEDITERRANEE;CFA DU GERS;76311030031;actif;responsable_formateur;1 Avenue de la République 32550 Pavie;Toulouse;Occitanie;Oui;;cma;15;3;03/01/2022;0320542R;0320542R;;;;;;;;;;;;;;;;
32886010100042;0211479U;ASS GEST DEVELOP CTRE FORMATION APPRENTI;;26210018121;actif;responsable_formateur;1 Chemin de la Noue 21600 Longvic;Dijon;Bourgogne-Franche-Comté;Oui;cma;cma;;1;03/01/2022;0211479U;0211479U;;;;;;;;;;;;;;;;
13002793100299;0480499G;CHAMBRE DE METIERS ET DE L ARTISANAT DE LA REGION OCCITANIE PYRENEES-MEDITERRANEE;CMA DE LOZERE;76311030031;actif;responsable_formateur;2 Rue du Soubeyran 48000 Mende;Montpellier;Occitanie;Oui;;cma;15;1;03/01/2022;0480499G;0313056D;0480499G;;;;;;;;;;;;;;;
13002793100141;0311729L;CHAMBRE DE METIERS ET DE L ARTISANAT DE LA REGION OCCITANIE PYRENEES-MEDITERRANEE;ESM DE HAUTE-GARONNE;76311030031;actif;responsable_formateur;21 Chemin de la Pyramide 31600 Muret;Toulouse;Occitanie;Oui;;cma;15;4;03/01/2022;0311729L;0311729L;0313056D;;;;;;;;;;;;;;;
13002793100356;0810791V;CHAMBRE DE METIERS ET DE L ARTISANAT DE LA REGION OCCITANIE PYRENEES-MEDITERRANEE;CFA DU TARN;76311030031;actif;responsable_formateur;112 Rue de Terssac 81000 Albi;Toulouse;Occitanie;Oui;cma;cma;15;7;03/01/2022;0810791V;0810791V;;;;;;;;;;;;;;;;
13002799800116;0501605Y;CHAMBRE DE METIERS ET DE L'ARTISANAT DE REGION NORMANDIE;CMA NORMANDIE - URMA-MANCHE-IFORM;28140350314;actif;formateur;3 Rue Pasteur 50200 Coutances;Normandie;Normandie;Oui;agri|cma;agri|cma;7;1;03/01/2022;0501605Y;0501605Y;;;;;;;;;;;;;;;;
13002799800140;0762518Z;CHAMBRE DE METIERS ET DE L'ARTISANAT DE REGION NORMANDIE;CMA NORMANDIE-URMA-SEINE-MARITIME-EUGENIE BRAZIER;28140350314;actif;formateur;Rouxmesnil-Bouteilles;Normandie;Normandie;Oui;cma;cma;7;1;03/01/2022;0762518Z;0142380L;0762518Z;;;;;;;;;;;;;;;
13002799800108;0141300M;CHAMBRE DE METIERS ET DE L'ARTISANAT DE REGION NORMANDIE;CMA NORMANDIE - URMA-CALVADOS-CIFAC;28140350314;actif;formateur;4 Rue Claude Bloch 14000 Caen;Normandie;Normandie;Oui;cma;cma;7;1;03/01/2022;0141300M;0141300M;0142380L;;;;;;;;;;;;;;;
13002374000363;0602114X;CHAMBRE DE METIERS ET DE L'ARTISANAT DE REGION HAUTS-DE-FRANCE;CMA COMPIEGNE;32590946759;actif;formateur;1bis Rue Joseph Cugnot 60200 Compiègne;Amiens;Hauts-de-France;Oui;cma;cma;19;3;17/12/2021;0602114X;0602114X;;;;;;;;;;;;;;;;
13002374000322;0022112K;CHAMBRE DE METIERS ET DE L'ARTISANAT DE REGION HAUTS-DE-FRANCE;CMA LA CAPELLE;32590946759;actif;formateur;171 Rue du General de Gaulle 02260 La Capelle;Amiens;Hauts-de-France;Oui;cma;cma;19;2;17/12/2021;0022112K;0022112K;;;;;;;;;;;;;;;;
13002374000330;0021496R;CHAMBRE DE METIERS ET DE L'ARTISANAT DE REGION HAUTS-DE-FRANCE;CMA LAON;32590946759;actif;formateur;30 Rue d’Enfer 02000 Laon;Amiens;Hauts-de-France;Oui;cma;cma;19;1;17/12/2021;0021496R;0021496R;;;;;;;;;;;;;;;;
13002374000348;0601203G;CHAMBRE DE METIERS ET DE L'ARTISANAT DE REGION HAUTS-DE-FRANCE;CMA BEAUVAIS;32590946759;actif;formateur;3 Rue Léonard de Vinci 60000 Beauvais;Amiens;Hauts-de-France;Oui;agri|cma;agri|cma;19;2;17/12/2021;0601203G;0601203G;0601206K;;;;;;;;;;;;;;;
13002087800075;0040161D;CHAMBRE DE METIERS ET DE L'ARTISANAT DE REGION PROVENCE-ALPES-COTE D'AZUR;CFA RENE VILLENEUVE;93131575513;actif;formateur;15 rue maldonnat 04000 Digne-les-Bains;Aix-Marseille;Provence-Alpes-Côte d'Azur;Oui;;cma;7;;17/12/2021;0040161D;0040161D;0134400M;;;;;;;;;;;;;;;
13002087800158;0840733R;CHAMBRE DE METIERS ET DE L'ARTISANAT DE REGION PROVENCE-ALPES-COTE D'AZUR;CFA;93131575513;actif;formateur;Saint-Roch 84000 Avignon;Aix-Marseille;Provence-Alpes-Côte d'Azur;Oui;;cma;8;1;17/12/2021;0840733R;0134400M;0831374T;0840526R;0840733R;;;;;;;;;;;;;
13002792300288;0790924A;CHAMBRE DE METIERS ET DE L'ARTISANAT DE REGION NOUVELLE AQUITAINE;CMA DES DEUX SEVRES;75331281433;actif;formateur;22 Rue des Herbillaux 79000 Niort;Poitiers;Nouvelle-Aquitaine;Oui;;cma;18;;17/12/2021;;0790924A;;;;;;;;;;;;;;;;
13002792300379;0870773T;CHAMBRE DE METIERS ET DE L'ARTISANAT DE REGION NOUVELLE AQUITAINE;CFA LE MOULIN RABAUD;75331281433;actif;formateur;104 rue de Saint Gence 87100 Limoges;Limoges;Nouvelle-Aquitaine;Oui;cma;cma;18;4;17/12/2021;0870773T;0171183U;0870773T;;;;;;;;;;;;;;;
18973973300021;9730142S;CHAMBRE DE METIERS ET DE L'ARTISANAT;CENTRE DE FORMATION D'APPRENTIS;96973038397;actif;responsable_formateur;41 Zone artisanale Galmot 97300 Cayenne;Guyane;Guyane;Oui;;cma;1;;17/12/2021;9730142S;9730142S;;;;;;;;;;;;;;;;
13002792300098;0171239E;CHAMBRE DE METIERS ET DE L'ARTISANAT DE REGION NOUVELLE AQUITAINE;CFA DE SAINT GERMAIN DE LUSIGNAN;75331281433;actif;formateur;40 Route de Saint Genis 17500 Saint-Germain-de-Lusignan;Poitiers;Nouvelle-Aquitaine;Oui;cma;cma;18;1;17/12/2021;0171239E;0171239E;;;;;;;;;;;;;;;;
77921920300022;0631450J;ASS FORMAT PROFESS PERMANENTE;;83630024963;actif;responsable_formateur;14 rue du Château des Vergnes 63100 Clermont-Ferrand;Clermont-Ferrand;Auvergne-Rhône-Alpes;Oui;cci|cma;cci|cma;1;1;17/12/2021;0631450J;0631450J;0631977G;;;;;;;;;;;;;;;
30019718300027;0550861M;ASSOCIATION POUR LA FORMATION PROFESSIONNELLE EN MEUSE;;41550032755;actif;responsable_formateur;4 Rue Ernest Bradfer 55000 Bar-le-Duc;Nancy-Metz;Grand Est;Oui;;cma;;1;17/12/2021;0550861M;0550861M;;;;;;;;;;;;;;;;
31277330200020;0580555N;ASSOC PROMO APPRENTI POLYVALEN;;26580018158;actif;responsable_formateur;21 Rue des Carrieres 58180 Marzy;Dijon;Bourgogne-Franche-Comté;Oui;;cma;1;1;17/12/2021;0580555N;0580555N;;;;;;;;;;;;;;;;
30386072000018;0261036K;ASS DROME ARDECHE FORMATION PROFESSION;;82260002626;actif;responsable_formateur;Rue de la sabliere 26250 Livron-sur-Drôme;Grenoble;Auvergne-Rhône-Alpes;Oui;cci|cma;cci|cma;;1;17/12/2021;0261036K;0261036K;;;;;;;;;;;;;;;;
30957639500037;0010826T;CTRE CONSULAIRE FORMATION PROFESSION AIN;;82010120901;actif;responsable_formateur;Avenue de la Libération 01500 Ambérieu-en-Bugey;Lyon;Auvergne-Rhône-Alpes;Oui;;cma;1;1;17/12/2021;0010826T;0010826T;;;;;;;;;;;;;;;;
18971004900017;9710646A;CHAMBRE DE METIERS ET DE L'ARTISANAT DE REGION GUADELOUPE;;9597P000397;actif;responsable_formateur;30 Boulevard Felix Eboue 97100 Basse-Terre;Guadeloupe;Guadeloupe;Oui;;cma;1;;17/12/2021;9710646A;9710646A;;;;;;;;;;;;;;;;
31318167900025;0820746R;ECOLE DES METIERS - CENTRE DE FORMATION D'APPRENTIS DE TARN ET GARONNE;;73820011882;actif;responsable_formateur;Rue Ernest Mercadier 82000 Montauban;Toulouse;Occitanie;Oui;;cma;;1;17/12/2021;0820746R;0820746R;;;;;;;;;;;;;;;;
18974011100100;9741177L;CHAMBRE DE METIERS ET DE L'ARTISANAT;URMA - CENTRE DE FORMATION DU PORT;98970229897;actif;responsable_formateur;31 Avenue Raymond Mondon 97420 Le Port;La Réunion;La Réunion;Oui;cma;cma;5;1;17/12/2021;9741177L;9740986D;9741177L;;;;;;;;;;;;;;;
18974011100167;9741089R;CHAMBRE DE METIERS ET DE L'ARTISANAT;URMA - CENTRE DE FORMATION DE ST GILLES LES HAUTS;98970229897;actif;responsable_formateur;1 route de l'éperon 97435 Saint-Paul;La Réunion;La Réunion;Oui;cma;cma;5;1;17/12/2021;9741089R;9741089R;;;;;;;;;;;;;;;;
18974011100142;9740988F;CHAMBRE DE METIERS ET DE L'ARTISANAT;URMA - CENTRE DE FORMATION DE ST PIERRE;98970229897;actif;responsable_formateur;65 Rue du Père Lafosse 97410 Saint-Pierre;La Réunion;La Réunion;Oui;cma;cma;5;1;17/12/2021;9740988F;9740988F;;;;;;;;;;;;;;;;
18974011100043;9740987E;CHAMBRE DE METIERS ET DE L'ARTISANAT;URMA - CENTRE DE FORMATION DE ST ANDRE;98970229897;actif;responsable_formateur;Rue Comorapoulle 97440 Saint-André;La Réunion;La Réunion;Oui;cma;cma;5;1;17/12/2021;9740987E;9740987E;;;;;;;;;;;;;;;;
18974011100035;9740986D;CHAMBRE DE METIERS ET DE L'ARTISANAT;URMA - CENTRE FORMATION STE CLOTILDE;98970229897;actif;responsable_formateur;Avenue Stanislas Gimart 97490 Saint-Denis;La Réunion;La Réunion;Oui;cma;cma;5;1;17/12/2021;9740986D;9710646A;9740986D;;;;;;;;;;;;;;;
78300521800012;7200675W;CENTRE FORMATION APPRENTIS HAUTE-CORSE;;94202003420;actif;responsable_formateur;Route du Village 20600 Furiani;Corse;Corse;Oui;cma;cma;;1;17/12/2021;7200675W;7200675W;;;;;;;;;;;;;;;;
18201008200051;6200042B;CHAMBRE DE METIERS ET DE L'ARTISANAT;CENTRE FORMATION APPRENTIS;;actif;inconnue;Chemin de la Sposata 20090 Ajaccio;Corse;Corse;Non;;cma;1;;17/12/2021;6200042B;6200042B;;;;;;;;;;;;;;;;
13002797200293;0951963T;CHAMBRE DE METIERS ET DE L'ARTISANAT DE REGION ILE-DE-FRANCE;CMA95 - IMA VAL PARISIS-EAUBONNE;11756120375;actif;responsable_formateur;18 Rue des Bouquinvilles 95600 Eaubonne;Versailles;Île-de-France;Oui;;cma;14;1;17/12/2021;0951963T;0756199F;0951963T;;;;;;;;;;;;;;;
13002797200251;0941940Y;CHAMBRE DE METIERS ET DE L'ARTISANAT DE REGION ILE-DE-FRANCE;CMA94 - CFA DE SAINT-MAUR;11756120375;actif;responsable_formateur;25 Avenue Raspail 94100 Saint-Maur-des-Fossés;Créteil;Île-de-France;Oui;cma;cma;14;2;17/12/2021;0941940Y;0756199F;0941940Y;;;;;;;;;;;;;;;
13002797200236;0931618D;CHAMBRE DE METIERS ET DE L'ARTISANAT DE REGION ILE-DE-FRANCE;CMA93 - CAMPUS DES METIERS ET DE L'ENTREPRISE;11756120375;actif;responsable_formateur;Rue Edouard Renard 93000 Bobigny;Créteil;Île-de-France;Oui;cma;cma;14;1;17/12/2021;0931618D;0756199F;0931618D;;;;;;;;;;;;;;;
13002801200081;0881104X;CHAMBRE DE METIERS ET DE L'ARTISANAT DE REGION GRAND EST;CMA 88 - CFA POLE DES METIERS;44570405157;actif;formateur;16 Avenue Dutac 88000 Épinal;Nancy-Metz;Grand Est;Oui;;cma;2;1;17/12/2021;0881104X;0881104X;;;;;;;;;;;;;;;;
13002792300353;0860841X;CHAMBRE DE METIERS ET DE L'ARTISANAT DE REGION NOUVELLE AQUITAINE;CFA DE LA CMA 86;75331281433;actif;responsable_formateur;1 Rue de Chantejeau 86280 Saint-Benoît;Poitiers;Nouvelle-Aquitaine;Oui;cma;cma;18;2;17/12/2021;0860841X;0860841X;;;;;;;;;;;;;;;;
13002068800144;0850153E;CHAMBRE DE METIERS ET DE L'ARTISANAT DE REGION DES PAYS DE LA LOIRE;URMA VENDEE;52440749444;actif;formateur;24 Rond-point du coteau 85000 La Roche-sur-Yon;Nantes;Pays de la Loire;Oui;cma;cma;6;1;17/12/2021;0850153E;0440344K;0442942J;0850153E;;;;;;;;;;;;;;
13002087800117;0831608X;CHAMBRE DE METIERS ET DE L'ARTISANAT DE REGION PROVENCE-ALPES-COTE D'AZUR;CFA LA SEYNE SUR MER;93131575513;actif;formateur;68 Allee des Forges 83500 La Seyne-sur-Mer;Nice;Provence-Alpes-Côte d'Azur;Oui;cma;cma;7;3;17/12/2021;0831608X;0831608X;;;;;;;;;;;;;;;;
13002087800109;0831377W;CHAMBRE DE METIERS ET DE L'ARTISANAT DE REGION PROVENCE-ALPES-COTE D'AZUR;CFA LES ARCS;93131575513;actif;formateur;Chemin de Gueringuier 83460 Les Arcs;Nice;Provence-Alpes-Côte d'Azur;Oui;cma;cma;7;1;17/12/2021;0831377W;0040161D;0333460G;0831377W;;;;;;;;;;;;;;
13002087800141;0831375U;CHAMBRE DE METIERS ET DE L'ARTISANAT DE REGION PROVENCE-ALPES-COTE D'AZUR;CFA SAINT-MAXIMIN;93131575513;actif;formateur;845 Chemin du Defends 83470 Saint-Maximin-la-Sainte-Baume;Nice;Provence-Alpes-Côte d'Azur;Oui;;cma;7;1;17/12/2021;0831375U;0134400M;0831375U;;;;;;;;;;;;;;;
13002087800133;0831374T;CHAMBRE DE METIERS ET DE L'ARTISANAT DE REGION PROVENCE-ALPES-COTE D'AZUR;CFA LE BEAUSSET;93131575513;actif;formateur;138 Allée des Primevères 83330 Le Beausset;Nice;Provence-Alpes-Côte d'Azur;Oui;cma;cma;7;2;17/12/2021;0831374T;0134400M;0831374T;;;;;;;;;;;;;;;
13002068800128;0720928T;CHAMBRE DE METIERS ET DE L'ARTISANAT DE REGION DES PAYS DE LA LOIRE;URMA SARTHE;52440749444;actif;formateur;187 rue Henri Champion 72100 Le Mans;Nantes;Pays de la Loire;Oui;cma;cma;6;1;17/12/2021;0720928T;0442942J;0720928T;;;;;;;;;;;;;;;
13002607300135;0700796K;CHAMBRE DE METIERS ET DE L'ARTISANAT DE REGION BOURGOGNE FRANCHE-COMTE;CFA DE HAUTE SAONE;27390124239;actif;responsable_formateur;5 Rue du Talerot 70000 Vesoul;Besançon;Bourgogne-Franche-Comté;Oui;cma;cma;3;1;17/12/2021;0700796K;0700796K;;;;;;;;;;;;;;;;
18670223900101;0681710P;CHAMBRE DE METIERS D'ALSACE;CENTRE DE FORMATION DE L'ARTISANAT DE MULHOUSE;4267P000267;actif;responsable_formateur;21 Rue Joseph Cugnot 68200 Mulhouse;Strasbourg;Grand Est;Oui;cma;cma;3;1;17/12/2021;0681710P;0681710P;;;;;;;;;;;;;;;;
34396437500012;0681498J;ASS GESTION CFA CENTRE-ALSACE;;44680307568;actif;responsable_formateur;2 Rue des Papeteries 68000 Colmar;Strasbourg;Grand Est;Oui;cma;cma;;1;17/12/2021;0681498J;0681498J;;;;;;;;;;;;;;;;
18670223900028;0672270D;CHAMBRE DE METIERS D'ALSACE;CENTRE DE FORMATION - BERNARD STALTER;4267P000267;actif;responsable_formateur;Rue des Fusiliers Marins 67114 Eschau;Strasbourg;Grand Est;Oui;cma;cma;3;1;17/12/2021;0672270D;0160757L;0672270D;;;;;;;;;;;;;;;
13002793100323;0660447C;CHAMBRE DE METIERS ET DE L ARTISANAT DE LA REGION OCCITANIE PYRENEES-MEDITERRANEE;CFA DES PYRENEES ORIENTALES;76311030031;actif;responsable_formateur;9 Avenue Alfred Sauvy 66600 Rivesaltes;Montpellier;Occitanie;Oui;;cma;15;1;17/12/2021;0660447C;0313056D;0660447C;;;;;;;;;;;;;;;
13002793100216;0650593S;CHAMBRE DE METIERS ET DE L ARTISANAT DE LA REGION OCCITANIE PYRENEES-MEDITERRANEE;ECOLE DES METIERS DES HAUTES PYRENEES;76311030031;actif;responsable_formateur;1 Rue Pierre Latecoere 65000 Tarbes;Toulouse;Occitanie;Oui;;cma;15;1;17/12/2021;0650593S;0313056D;0650593S;;;;;;;;;;;;;;;
13002792300270;0641519D;CHAMBRE DE METIERS ET DE L'ARTISANAT DE REGION NOUVELLE AQUITAINE;UNIVERSITE METIERS BAYONNE;75331281433;actif;responsable_formateur;25 Boulevard d'Aritxague 64100 Bayonne;Bordeaux;Nouvelle-Aquitaine;Oui;cma;cma;18;2;17/12/2021;0641519D;0641519D;;;;;;;;;;;;;;;;
13002792300262;0640239M;CHAMBRE DE METIERS ET DE L'ARTISANAT DE REGION NOUVELLE AQUITAINE;UNIVERSITE METIERS PAU;75331281433;actif;responsable_formateur;34 avenue Léon Blum 64000 Pau;Bordeaux;Nouvelle-Aquitaine;Oui;cma;cma;18;3;17/12/2021;0640239M;0640239M;;;;;;;;;;;;;;;;
31794423900027;0631687S;ASS GESTION CFA PROMOT LIVRAD FOREZ;;8363P002863;actif;responsable_formateur;23 Rue Blaise Pascal 63600 Ambert;Clermont-Ferrand;Auvergne-Rhône-Alpes;Non;cci|cma;cci|cma;1;1;17/12/2021;0631687S;0631687S;;;;;;;;;;;;;;;;
40110456700029;0611061X;IIT FORMATIONS ALTERNEES ORNES;;25610038361;actif;responsable_formateur;Rue du Mans 61000 Alençon;Normandie;Normandie;Oui;cci|cma;cci|cma;;1;17/12/2021;0611061X;0611061X;0772742M;;;;;;;;;;;;;;;
18572204800153;0572201H;CHAMBRE METIERS ARTISANAT DE MOSELLE;CAMPUS DES METIERS DE MOSELLE;4157P001957;actif;responsable_formateur;5 Boulevard de la Défense 57070 Metz;Nancy-Metz;Grand Est;Oui;;cma;4;3;17/12/2021;0572201H;0572201H;0572726D;0572742W;;;;;;;;;;;;;;
13002794900218;0560810B;CHAMBRE DE METIERS ET DE L'ARTISANAT DE REGION BRETAGNE;CFA VANNES;53351087435;actif;responsable_formateur;10 Boulevard des Iles 56000 Vannes;Rennes;Bretagne;Oui;cma;cma;7;3;17/12/2021;0560810B;0353008E;0560810B;;;;;;;;;;;;;;;
13002068800102;0530500F;CHAMBRE DE METIERS ET DE L'ARTISANAT DE REGION DES PAYS DE LA LOIRE;URMA MAYENNE;52440749444;actif;formateur;30 Boulevard Volney 53000 Laval;Nantes;Pays de la Loire;Oui;cma;cma;6;4;17/12/2021;0530500F;0352356W;0440344K;0442942J;0530487S;;;;;;;;;;;;;
50923283100040;0520752K;ALMEA FORMATIONS INTERPRO;ALMEA FORMATIONS INTERPRO;21510170351;actif;responsable_formateur;1 Rue Albert Camus 52000 Chaumont;Reims;Grand Est;Oui;cci|cma;cci|cma;4;2;17/12/2021;0520752K;0511649R;0520752K;0521117G;;;;;;;;;;;;;;
50923283100016;0511649R;ALMEA FORMATIONS INTERPRO;ALMEA FORMATIONS INTERPRO;21510170351;actif;responsable_formateur;32 Rue Benjamin Franklin 51000 Châlons-en-Champagne;Reims;Grand Est;Oui;cci|cma;cci|cma;6;3;17/12/2021;0511649R;0051649R;0080842X;0100715Y;0511649R;;;;;;;;;;;;;
13002068800086;0490986F;CHAMBRE DE METIERS ET DE L'ARTISANAT DE REGION DES PAYS DE LA LOIRE;URMA MAINE-ET-LOIRE;52440749444;actif;responsable_formateur;3 Rue Darwin 49000 Angers;Nantes;Pays de la Loire;Oui;cma;cma;6;1;17/12/2021;0490986F;0442942J;0490986F;;;;;;;;;;;;;;;
13002792300221;0470110P;CHAMBRE DE METIERS ET DE L'ARTISANAT DE REGION NOUVELLE AQUITAINE;CFA DE LA PALME;75331281433;actif;responsable_formateur;2 Impasse Morère 47000 Agen;Bordeaux;Nouvelle-Aquitaine;Oui;cma;cma;18;2;17/12/2021;0470110P;0470110P;;;;;;;;;;;;;;;;
13002793100281;0460495N;CHAMBRE DE METIERS ET DE L ARTISANAT DE LA REGION OCCITANIE PYRENEES-MEDITERRANEE;ECOLE DES METIERS DU LOT;76311030031;actif;responsable_formateur;Rue Saint Ambroise 46000 Cahors;Toulouse;Occitanie;Oui;;cma;15;1;17/12/2021;0460495N;0460495N;;;;;;;;;;;;;;;;
13002798000031;0450809K;CHAMBRE DE METIERS ET DE L'ARTISANAT DE REGION CENTRE-VAL DE LOIRE;CFA DE LA CMA 45;24450381045;actif;formateur;5 Rue Charles Péguy 45000 Orléans;Orléans-Tours;Centre-Val de Loire;Oui;cma;cma;5;1;17/12/2021;0450809K;0450809K;0451792D;;;;;;;;;;;;;;;
31233053300026;0430844J;ASS GESTION INSTITUT FORMATION PROF 43;;83430303143;actif;responsable_formateur;220 Rue des Camélias 43370 Bains;Clermont-Ferrand;Auvergne-Rhône-Alpes;Oui;;cma;;1;17/12/2021;0430844J;0430844J;;;;;;;;;;;;;;;;
30284789200023;0421567A;INSTITUT DES METIERS DE SAINT ETIENNE;;82420081042;actif;responsable_formateur;1 Rue Auguste Colonna 42100 Saint-Étienne;Lyon;Auvergne-Rhône-Alpes;Oui;;cma;;3;17/12/2021;0421567A;0421567A;;;;;;;;;;;;;;;;
13002798000064;0410590U;CHAMBRE DE METIERS ET DE L'ARTISANAT DE REGION CENTRE-VAL DE LOIRE;CFA INTERPROFESSIONNEL DE LA CMA 41;24450381045;actif;formateur;12 Rue Francois Billoux 41000 Blois;Orléans-Tours;Centre-Val de Loire;Oui;cma;cma;4;1;17/12/2021;0410590U;0410590U;0451792D;;;;;;;;;;;;;;;
13002792300205;0400100S;CHAMBRE DE METIERS ET DE L'ARTISANAT DE REGION NOUVELLE AQUITAINE;CENTRE DE FORMATION DES LANDES;75331281433;actif;responsable_formateur;170 Chemin Gustave Eiffel 40000 Mont-de-Marsan;Bordeaux;Nouvelle-Aquitaine;Oui;cma;cma;18;2;17/12/2021;0400100S;0333502C;0400100S;;;;;;;;;;;;;;;
13002795600148;0382441X;CHAMBRE DE METIERS ET DE L'ARTISANAT DE REGION AUVERGNE-RHONE-ALPES;CFA ESPACE FORMATION DES METIERS DE L'ARTISANAT;84691788769;actif;inconnue;10 Rue Saint Honoré 38300 Bourgoin-Jallieu;Grenoble;Auvergne-Rhône-Alpes;Oui;;cma;1;;17/12/2021;0382441X;0382441X;;;;;;;;;;;;;;;;
13002798000080;0370811F;CHAMBRE DE METIERS ET DE L'ARTISANAT DE REGION CENTRE-VAL DE LOIRE;CAMPUS DES METIERS 37;24450381045;actif;formateur;5 Rue Joseph Cugnot 37300 Joué-lès-Tours;Orléans-Tours;Centre-Val de Loire;Oui;cma;cma;4;2;17/12/2021;0370811F;0370811F;;;;;;;;;;;;;;;;
13002798000114;0360548A;CHAMBRE DE METIERS ET DE L'ARTISANAT DE REGION CENTRE-VAL DE LOIRE;CFA DES METIERS 36;24450381045;actif;formateur;164 Avenue John Kennedy 36000 Châteauroux;Orléans-Tours;Centre-Val de Loire;Oui;cma;cma;4;2;17/12/2021;0360548A;0360548A;;;;;;;;;;;;;;;;
13002794900135;0350998V;CHAMBRE DE METIERS ET DE L'ARTISANAT DE REGION BRETAGNE;CFA BRUZ;53351087435;actif;responsable_formateur;Rue des Frères Montgolfier 35170 Bruz;Rennes;Bretagne;Oui;cma;cma;7;1;17/12/2021;0350998V;0350998V;0353008E;;;;;;;;;;;;;;;
13002792300171;0331707B;CHAMBRE DE METIERS ET DE L'ARTISANAT DE REGION NOUVELLE AQUITAINE;INSTITUT METIERS ARTISANAT 33;75331281433;actif;responsable_formateur;25ter Rue Cardinal Richaud 33300 Bordeaux;Bordeaux;Nouvelle-Aquitaine;Oui;cma;cma;18;3;17/12/2021;0331707B;0331707B;0333502C;;;;;;;;;;;;;;;
13002793100117;0301629H;CHAMBRE DE METIERS ET DE L ARTISANAT DE LA REGION OCCITANIE PYRENEES-MEDITERRANEE;CFA DU GARD;76311030031;actif;responsable_formateur;904 Avenue du Maréchal Juin 30900 Nîmes;Montpellier;Occitanie;Oui;;cma;15;4;17/12/2021;0301629H;0301629H;;;;;;;;;;;;;;;;
13002794900093;0291915Z;CHAMBRE DE METIERS ET DE L'ARTISANAT DE REGION BRETAGNE;CFA QUIMPER;53351087435;actif;responsable_formateur;Route de Cuzon 29000 Quimper;Rennes;Bretagne;Oui;cma;cma;7;1;17/12/2021;0291915Z;0291915Z;;;;;;;;;;;;;;;;
30791852400017;0280738A;ASSOCIATION GESTIONNAIRE DU CFA INTERPROFESSIONNEL D'EURE-ET-LOIR;;24280165228;actif;responsable_formateur;Rue Charles Isidore Douin 28000 Chartres;Orléans-Tours;Centre-Val de Loire;Oui;cci|cma;cci|cma;1;1;17/12/2021;0280738A;0280738A;;;;;;;;;;;;;;;;
31796290000013;0271124A;ASS INTERCONS DEVEL APPRENT METIERS COMM;;23270019327;actif;responsable_formateur;41 Rue du Pas des Heures 27100 Val-de-Reuil;Normandie;Normandie;Oui;cci|cma;cci|cma;;1;17/12/2021;0271124A;0271124A;;;;;;;;;;;;;;;;
37931209300014;0251749R;CTRE FORMATION APPRENTIS PAYS MONTBELIAR;;43250241625;actif;responsable_formateur;Rue des Freres Lumiere 25200 Bethoncourt;Besançon;Bourgogne-Franche-Comté;Oui;;cma;;1;17/12/2021;0251749R;0251749R;;;;;;;;;;;;;;;;
31448072400017;0251519R;ASS GESTION CENTRE FORMATION APPRENTIS;CFA HILAIRE DE CHARDONNET;43250029825;actif;responsable_formateur;3 Chemin de la Malcombe 25000 Besançon;Besançon;Bourgogne-Franche-Comté;Oui;cma;cma;;2;17/12/2021;0251519R;0251519R;0390799G;0711816N;;;;;;;;;;;;;;
13002792300155;0240061L;CHAMBRE DE METIERS ET DE L'ARTISANAT DE REGION NOUVELLE AQUITAINE;CFA DES METIERS BOULAZAC;75331281433;actif;responsable_formateur;16 Avenue Henry Deluc 24750 Boulazac Isle Manoire;Bordeaux;Nouvelle-Aquitaine;Oui;;cma;18;3;17/12/2021;0240061L;0240061L;;;;;;;;;;;;;;;;
13002794900242;0221072W;CHAMBRE DE METIERS ET DE L'ARTISANAT DE REGION BRETAGNE;CFA PLOUFRAGAN;53351087435;actif;responsable_formateur;18 Rue du Tertre de la Motte 22440 Ploufragan;Rennes;Bretagne;Oui;cma;cma;8;3;17/12/2021;0221072W;0221071V;0221072W;0353008E;;;;;;;;;;;;;;
13002794900259;0221071V;CHAMBRE DE METIERS ET DE L'ARTISANAT DE REGION BRETAGNE;CFA AUCALEUC;53351087435;actif;responsable_formateur;La Croix Fresche Blanc 22100 Aucaleuc;Rennes;Bretagne;Oui;cma;cma;7;1;17/12/2021;0221071V;0221071V;0221072W;0353008E;;;;;;;;;;;;;;
79964373900011;0190721F;LES 13 VENTS  ECOLE INTERNATIONALE DES METIERS ET DES COMPETENCES LIMOUSIN;;74190081619;actif;responsable_formateur;51 Boulevard de la Lunade 19000 Tulle;Limoges;Nouvelle-Aquitaine;Oui;;cma;;1;17/12/2021;0190721F;0190721F;0190849V;;;;;;;;;;;;;;;
30804972500036;0180755Y;INSTITUT DE FORMATION EN ALTERNANCE DE BOURGES;;24180039818;actif;responsable_formateur;Rue de Turly 18000 Bourges;Orléans-Tours;Centre-Val de Loire;Oui;cci|cma;cci|cma;1;2;17/12/2021;0180755Y;0180755Y;0180847Y;;;;;;;;;;;;;;;
13002792300080;0171183U;CHAMBRE DE METIERS ET DE L'ARTISANAT DE REGION NOUVELLE AQUITAINE;CENTRE DE FORMATION LAGORD;75331281433;actif;responsable_formateur;Rue René Dumont 17140 Lagord;Poitiers;Nouvelle-Aquitaine;Oui;cma;cma;18;7;17/12/2021;0171183U;0171183U;0333502C;;;;;;;;;;;;;;;
78804163000047;0150640P;INSTITUT FORMATION PROFESSION PERMANENTE;;8315P001115;actif;responsable_formateur;8 Rue Perdiguier 15000 Aurillac;Clermont-Ferrand;Auvergne-Rhône-Alpes;Oui;;cma;;1;17/12/2021;0150640P;0150640P;;;;;;;;;;;;;;;;
38426598900010;0922275Y;INST FORMATION PERFECTIONNEMENT METIERS;;11922083492;actif;responsable_formateur;4 boulevard du Levant 92000 Nanterre;Versailles;Île-de-France;Oui;;cma;;1;17/12/2021;0922275Y;0922275Y;;;;;;;;;;;;;;;;
13002799800132;0762204H;CHAMBRE DE METIERS ET DE L'ARTISANAT DE REGION NORMANDIE;CMA NORMANDIE - URMA-SEINE-MARITIME-LE HAVRE;28140350314;actif;formateur;79 Rue Hilaire Colombel 76600 Le Havre;Normandie;Normandie;Oui;cma;cma;7;1;17/12/2021;0762204H;0762204H;;;;;;;;;;;;;;;;
13002799800124;0761803X;CHAMBRE DE METIERS ET DE L'ARTISANAT DE REGION NORMANDIE;CMA NORMANDIE - URMA-SEINE-MARITIME-SIMONE VEIL;28140350314;actif;formateur;2 Rue Cesar Franck 76000 Rouen;Normandie;Normandie;Oui;cma;cma;7;1;17/12/2021;0761803X;0761803X;;;;;;;;;;;;;;;;
77990483800066;0692514H;SOC ENSEIGNEMENT PROFESS RHONE;;82690006869;actif;responsable_formateur;46 Rue Professeur Rochaix 69003 Lyon;Lyon;Auvergne-Rhône-Alpes;Oui;;cma;4;2;17/12/2021;0692514H;0070876P;0422128K;0692514H;;;;;;;;;;;;;;
13002374000066;0595343M;CHAMBRE DE METIERS ET DE L'ARTISANAT DE REGION HAUTS-DE-FRANCE;CMA WATTIGNIES;32590946759;fermé;inconnue;217 Rue Clemenceau 59139 Wattignies;Lille;Hauts-de-France;Oui;;cma;20;;17/12/2021;0595343M;0595343M;;;;;;;;;;;;;;;;
30391595300028;0890992V;CTRE INTERPROF DE FORMATION D'APPRENTIS;;27890134589;actif;responsable_formateur;3 Rue Jean Bertin 89000 Auxerre;Dijon;Bourgogne-Franche-Comté;Oui;;cma;;1;17/12/2021;0890992V;0890992V;;;;;;;;;;;;;;;;
30102946800032;0421609W;CFA DU ROANNAIS;;82420076642;actif;responsable_formateur;155 Route de Briennon 42300 Mably;Lyon;Auvergne-Rhône-Alpes;Oui;cci|cma;cci|cma;;1;17/12/2021;0421609W;0421609W;;;;;;;;;;;;;;;;
13002797200301;0952107Z;CHAMBRE DE METIERS ET DE L'ARTISANAT DE REGION ILE-DE-FRANCE;CMA95 - IMA DE ROISSY PAYS DE FRANCE;11756120375;actif;responsable_formateur;43 Avenue Pierre Sémard 95400 Villiers-le-Bel;Versailles;Île-de-France;Oui;;cma;14;1;17/12/2021;0952107Z;0952107Z;;;;;;;;;;;;;;;;
13002793100091;0120887Z;CHAMBRE DE METIERS ET DE L ARTISANAT DE LA REGION OCCITANIE PYRENEES-MEDITERRANEE;CFA DE L'AVEYRON;76311030031;actif;responsable_formateur;341 Rue des Métiers 12850 Onet-le-Château;Toulouse;Occitanie;Oui;cma;cma;15;1;17/12/2021;0120887Z;0120887Z;0313056D;;;;;;;;;;;;;;;
13002793100067;0110681F;CHAMBRE DE METIERS ET DE L ARTISANAT DE LA REGION OCCITANIE PYRENEES-MEDITERRANEE;CFA DE L'AUDE;76311030031;actif;responsable_formateur;22 Avenue des Genets 11200 Lézignan-Corbières;Montpellier;Occitanie;Oui;;cma;15;2;17/12/2021;0110681F;0110681F;0313056D;;;;;;;;;;;;;;;
13002374000454;0801298B;CHAMBRE DE METIERS ET DE L'ARTISANAT DE REGION HAUTS-DE-FRANCE;CMA AMIENS IREAM;32590946759;actif;formateur;33 Rue de Québec 80000 Amiens;Amiens;Hauts-de-France;Oui;cma;cma;19;2;17/12/2021;0801298B;0801298B;;;;;;;;;;;;;;;;
13002797200137;0772884S;CHAMBRE DE METIERS ET DE L'ARTISANAT DE REGION ILE-DE-FRANCE;CMA77 - IMA MELUN VAL DE SEINE;11756120375;actif;responsable_formateur;4 Avenue du Général Leclerc 77000 Melun;Créteil;Île-de-France;Oui;;cma;14;1;17/12/2021;0772884S;0772884S;;;;;;;;;;;;;;;;
13002797200129;0770998S;CHAMBRE DE METIERS ET DE L'ARTISANAT DE REGION ILE-DE-FRANCE;CMA77 - IMA DU PAYS DE MEAUX;11756120375;actif;responsable_formateur;2 Rue Irène Joliot Curie 77124 Chauconin-Neufmontiers;Créteil;Île-de-France;Oui;;cma;14;1;17/12/2021;0770998S;0756199F;0770998S;;;;;;;;;;;;;;;
50923283100024;0100715Y;ALMEA FORMATIONS INTERPRO;ALMEA FORMATIONS INTERPRO;21510170351;actif;responsable_formateur;9 Rue Robert Keller 10150 Pont-Sainte-Marie;Reims;Grand Est;Oui;cci|cma;cci|cma;3;3;17/12/2021;0100715Y;0100715Y;0511649R;;;;;;;;;;;;;;;
13002793100042;0090553C;CHAMBRE DE METIERS ET DE L ARTISANAT DE LA REGION OCCITANIE PYRENEES-MEDITERRANEE;CFA DE L'ARIEGE;76311030031;actif;responsable_formateur;2 Rue Jean Moulin 09000 Foix;Toulouse;Occitanie;Oui;;cma;15;3;17/12/2021;0090553C;0090553C;0313056D;;;;;;;;;;;;;;;
50923283100057;0080842X;ALMEA FORMATIONS INTERPRO;ALMEA FORMATIONS INTERPRO;21510170351;actif;responsable_formateur;129 Avenue Charles de Gaulle 08000 Charleville-Mézières;Reims;Grand Est;Oui;cci|cma;cci|cma;3;2;17/12/2021;0080842X;0080842X;0511649R;;;;;;;;;;;;;;;
77990483800025;0070876P;SOC ENSEIGNEMENT PROFESS RHONE;CENTRE FORMATION PROFESSIONNELLE;82690006869;actif;responsable_formateur;Chemin de Villedieu 07100 Annonay;Grenoble;Auvergne-Rhône-Alpes;Oui;;cma;1;1;17/12/2021;0070876P;0070876P;;;;;;;;;;;;;;;;
13002374000165;0623124J;CHAMBRE DE METIERS ET DE L'ARTISANAT DE REGION HAUTS-DE-FRANCE;CMA CALAIS;32590946759;actif;formateur;320 Boulevard du Huit Mai 62100 Calais;Lille;Hauts-de-France;Oui;cma;cma;19;1;17/12/2021;0623124J;0623123H;0623124J;;;;;;;;;;;;;;;
13002374000157;0623123H;CHAMBRE DE METIERS ET DE L'ARTISANAT DE REGION HAUTS-DE-FRANCE;CMA BOULOGNE;32590946759;actif;formateur;9 Rue du Mont Joie 62280 Saint-Martin-Boulogne;Lille;Hauts-de-France;Oui;cma;cma;19;1;17/12/2021;0623123H;0623123H;;;;;;;;;;;;;;;;
13002374000140;0623121F;CHAMBRE DE METIERS ET DE L'ARTISANAT DE REGION HAUTS-DE-FRANCE;CMA BETHUNE;32590946759;actif;formateur;223 Boulevard Vauban 62400 Béthune;Lille;Hauts-de-France;Oui;cma;cma;19;1;17/12/2021;0623121F;0623121F;;;;;;;;;;;;;;;;
13002374000132;0622309Y;CHAMBRE DE METIERS ET DE L'ARTISANAT DE REGION HAUTS-DE-FRANCE;CMA ARRAS EIFFEL;32590946759;actif;formateur;7 Rue Gustave Eiffel 62000 Arras;Lille;Hauts-de-France;Oui;cma;cma;19;2;17/12/2021;0622309Y;0622309Y;0624502G;0801298B;;;;;;;;;;;;;;
13002374000272;0597044L;CHAMBRE DE METIERS ET DE L'ARTISANAT DE REGION HAUTS-DE-FRANCE;CMA ROUVIGNIES;32590946759;actif;formateur;6 Rue Edmond Herly 59220 Rouvignies;Lille;Hauts-de-France;Oui;cma;cma;19;1;17/12/2021;0597044L;0594665A;0597044L;;;;;;;;;;;;;;;
13002374000223;0596958T;CHAMBRE DE METIERS ET DE L'ARTISANAT DE REGION HAUTS-DE-FRANCE;CMA CAUDRY;32590946759;actif;formateur;Rue de l’Universite des Metiers 59540 Caudry;Lille;Hauts-de-France;Oui;cma;cma;19;1;17/12/2021;0596958T;0596958T;;;;;;;;;;;;;;;;
13002374000041;0596868V;CHAMBRE DE METIERS ET DE L'ARTISANAT DE REGION HAUTS-DE-FRANCE;CMA TOURCOING VIROLOIS;32590946759;actif;formateur;78 Rue des Piats 59200 Tourcoing;Lille;Hauts-de-France;Oui;cma;cma;19;1;17/12/2021;0596868V;0596868V;;;;;;;;;;;;;;;;
13002374000025;0596350G;CHAMBRE DE METIERS ET DE L'ARTISANAT DE REGION HAUTS-DE-FRANCE;CMA CAPELLE LA GRANDE;32590946759;fermé;inconnue;36 Rue Vatel 59180 Cappelle-la-Grande;Lille;Hauts-de-France;Oui;;cma;20;;17/12/2021;0596350G;0596350G;;;;;;;;;;;;;;;;
13002374000256;0596250Y;CHAMBRE DE METIERS ET DE L'ARTISANAT DE REGION HAUTS-DE-FRANCE;CMA DUNKERQUE CEFRAL;32590946759;actif;formateur;214 Rue Contre Torpilleur Triomphant 59140 Dunkerque;Lille;Hauts-de-France;Oui;cma;cma;19;2;17/12/2021;0596250Y;0596250Y;;;;;;;;;;;;;;;;
13002374000405;0594665A;CHAMBRE DE METIERS ET DE L'ARTISANAT DE REGION HAUTS-DE-FRANCE;CMA SAINT SAULVE/BRUAY-SUR-ESCAUT;32590946759;actif;formateur;383 Avenue des Arts et Métiers 59880 Saint-Saulve;Lille;Hauts-de-France;Oui;cma;cma;19;3;17/12/2021;0594665A;0594665A;;;;;;;;;;;;;;;;
13002374000033;0594663Y;CHAMBRE DE METIERS ET DE L'ARTISANAT DE REGION HAUTS-DE-FRANCE;CMA TOURCOING CEFMA;32590946759;actif;formateur;171 Chaussée Denis Papin 59200 Tourcoing;Lille;Hauts-de-France;Oui;cma;cma;19;1;17/12/2021;0594663Y;0594663Y;;;;;;;;;;;;;;;;
13002068800045;0440344K;CHAMBRE DE METIERS ET DE L'ARTISANAT DE REGION DES PAYS DE LA LOIRE;URMA LOIRE-ATLANTIQUE;52440749444;actif;responsable_formateur;Rue Louis Armand 44980 Sainte-Luce-sur-Loire;Nantes;Pays de la Loire;Oui;cma;cma;7;2;17/12/2021;0440344K;0440344K;0442631W;0442942J;0850153E;;;;;;;;;;;;;
45235951600021;0912267V;FACULTE DES METIERS DE L ESSONNE;;11910566091;actif;responsable_formateur;3 Chemin de la Grange Feu Louis 91000 Évry-Courcouronnes;Versailles;Île-de-France;Oui;;cma;2;3;17/12/2021;0912267V;0911826R;0912263R;0912267V;;;;;;;;;;;;;;
13002607300093;0390799G;CHAMBRE DE METIERS ET DE L'ARTISANAT DE REGION BOURGOGNE FRANCHE-COMTE;CFA DU JURA;27390124239;actif;responsable_formateur;23 Route de Lons le Saunier 39570 Gevingey;Besançon;Bourgogne-Franche-Comté;Oui;cma;cma;3;1;17/12/2021;0390799G;0390799G;0391210D;;;;;;;;;;;;;;;
13002794900168;0352049M;CHAMBRE DE METIERS ET DE L'ARTISANAT DE REGION BRETAGNE;CFA SAINT-MALO;53351087435;actif;responsable_formateur;68 Avenue de Marville 35400 Saint-Malo;Rennes;Bretagne;Oui;cma;cma;7;1;17/12/2021;0352049M;0352049M;0353008E;;;;;;;;;;;;;;;
13002794900150;0352043F;CHAMBRE DE METIERS ET DE L'ARTISANAT DE REGION BRETAGNE;CFA FOUGERES;53351087435;actif;responsable_formateur;Boulevard de Groslay 35300 Fougères;Rennes;Bretagne;Oui;cma;cma;7;1;17/12/2021;0352043F;0350998V;0352043F;;;;;;;;;;;;;;;
13002792300189;0333205E;CHAMBRE DE METIERS ET DE L'ARTISANAT DE REGION NOUVELLE AQUITAINE;INSTITUT DES SAVEURS 33;75331281433;actif;inconnue;6 Rue René Cassin 33300 Bordeaux;Bordeaux;Nouvelle-Aquitaine;Oui;cma;cma;18;;17/12/2021;0333205E;0333205E;;;;;;;;;;;;;;;;
13002087800083;0050503V;CHAMBRE DE METIERS ET DE L'ARTISANAT DE REGION PROVENCE-ALPES-COTE D'AZUR;CFA REGIONAL GAP;93131575513;actif;formateur;10 Chemin de Graffinel 05000 Gap;Aix-Marseille;Provence-Alpes-Côte d'Azur;Oui;;cma;7;1;17/12/2021;0050503V;0050503V;0134400M;;;;;;;;;;;;;;;
13002792300049;0161230A;CHAMBRE DE METIERS ET DE L'ARTISANAT DE REGION NOUVELLE AQUITAINE;CAMPUS METIERS BARBEZIEUX;75331281433;actif;responsable_formateur;39 Avenue de Vignola 16300 Barbezieux-Saint-Hilaire;Poitiers;Nouvelle-Aquitaine;Oui;cma;cma;18;2;17/12/2021;0161230A;0160756K;0161230A;;;;;;;;;;;;;;;
13002792300056;0161229Z;CHAMBRE DE METIERS ET DE L'ARTISANAT DE REGION NOUVELLE AQUITAINE;CAMPUS METIERS COGNAC;75331281433;actif;responsable_formateur;41 Rue du Repos 16100 Cognac;Poitiers;Nouvelle-Aquitaine;Oui;cma;cma;18;2;17/12/2021;0161229Z;0161229Z;;;;;;;;;;;;;;;;
41055004000019;0030124U;INSTDE FORMATINTERPROFESSIONNEL ALLIER;;83030299303;actif;responsable_formateur;11 Route de Paris 03000 Avermes;Clermont-Ferrand;Auvergne-Rhône-Alpes;Oui;cci|cma;cci|cma;;1;17/12/2021;0030124U;0030124U;;;;;;;;;;;;;;;;
13002374000470;0802203K;CHAMBRE DE METIERS ET DE L'ARTISANAT DE REGION HAUTS-DE-FRANCE;CMA ABBEVILLE CHATEAU DEAU;32590946759;actif;formateur;97 Rue du Château d'Eau 80100 Abbeville;Amiens;Hauts-de-France;Oui;cma;cma;19;1;27/03/2022;0802203K;0802203K;;;;;;;;;;;;;;;;
13002797200020;0756199F;CHAMBRE DE METIERS ET DE L'ARTISANAT DE REGION ILE-DE-FRANCE;ECOLE INTERNATIONALE DES ARTISANS DE PARIS;11756120375;actif;responsable_formateur;72 Rue de Reuilly 75012 Paris;Paris;Île-de-France;Oui;cma;cma;14;1;17/12/2021;0756199F;0756199F;;;;;;;;;;;;;;;;
18974011100019;;CHAMBRE DE METIERS ET DE L'ARTISANAT;SIEGE ANTENNE NORD;98970229897;actif;inconnue;42 Rue Jean Cocteau 97490 Saint-Denis;La Réunion;La Réunion;Oui;cma;cma;5;;17/12/2021;9740986D;9740983A;9740986D;9740988F;;;;;;;;;;;;;;
18971004900025;9710646A;CHAMBRE DE METIERS ET DE L'ARTISANAT DE REGION GUADELOUPE;CENTRE DE FORMATION DES APPRENTIS DE L'URMA;9597P000397;actif;inconnue;30 Avenue du Général de Gaulle 97139 Les Abymes;Guadeloupe;Guadeloupe;Oui;cma;cma;1;;17/12/2021;9710646A;9710646A;;;;;;;;;;;;;;;;
13002792300320;0790924A;CHAMBRE DE METIERS ET DE L'ARTISANAT DE REGION NOUVELLE AQUITAINE;CAMPUS DES METIERS NIORT;75331281433;actif;responsable_formateur;21 Rue des Herbillaux 79000 Niort;Poitiers;Nouvelle-Aquitaine;Oui;cma;cma;18;1;17/12/2021;0790924A;0333502C;0400100S;0790924A;;;;;;;;;;;;;;
13002797200012;0756199F;CHAMBRE DE METIERS ET DE L'ARTISANAT DE REGION ILE-DE-FRANCE;;11756120375;actif;formateur;72 Rue de Reuilly 75012 Paris;Paris;Île-de-France;Oui;cma;cma;14;2;17/12/2021;0756199F;0756199F;0770998S;0772884S;0941940Y;;;;;;;;;;;;;
13002798000015;0451792D;CHAMBRE DE METIERS ET DE L'ARTISANAT DE REGION CENTRE-VAL DE LOIRE;CMAR CENTRE VAL-DE LOIRE;24450381045;actif;responsable;28 Rue du Faubourg de Bourgogne 45000 Orléans;Orléans-Tours;Centre-Val de Loire;Oui;cma;cma;4;;17/12/2021;0451792D;0360548A;0410590U;0451792D;;;;;;;;;;;;;;
13002792300015;0333502C;CHAMBRE DE METIERS ET DE L'ARTISANAT DE REGION NOUVELLE AQUITAINE;CMAR NOUVELLE AQUITAINE;75331281433;actif;responsable_formateur;46 Rue Général de Larminat 33000 Bordeaux;Bordeaux;Nouvelle-Aquitaine;Oui;cma;cma;18;;17/12/2021;0333502C;0171239E;0240061L;0331707B;0333502C;0400100S;0470110P;0860841X;;;;;;;;;;
13002793100018;0313056D;CHAMBRE DE METIERS ET DE L ARTISANAT DE LA REGION OCCITANIE PYRENEES-MEDITERRANEE;;76311030031;actif;responsable_formateur;59ter Chemin de Verdale 31240 Saint-Jean;Toulouse;Occitanie;Oui;cma;cma;15;2;17/12/2021;0313056D;0090553C;0110681F;0313056D;0320542R;0460495N;0480499G;0650593S;0660447C;0810791V;;;;;;;;
13002374000439;0593321P;CHAMBRE DE METIERS ET DE L'ARTISANAT DE REGION HAUTS-DE-FRANCE;CMA HAUTS-DE-FRANCE;32590946759;actif;responsable_formateur;Rue des Sarrazins 59000 Lille;Lille;Hauts-de-France;Oui;cma;cma;19;12;17/12/2021;0593321P;0021496R;0022112K;0022114M;0593020M;0593321P;0594663Y;0594665A;0595343M;0596250Y;0596868V;0597044L;0601203G;0622309Y;0623121F;0623123H;0623124J;0802203K
51303734100023;0631819K;CAP APPRENTISSAGE ADAPTE EN AUVERGNE;;84630478163;actif;responsable_formateur;1 avenue des Cottages 63000 Clermont-Ferrand;Clermont-Ferrand;Auvergne-Rhône-Alpes;Oui;cci|cma;cci;;13;17/12/2021;0631819K;0030126W;0150631E;0430821J;0631819K;0631904C;0631977G;;;;;;;;;;;
13002804600022;6200739J;CHAMBRE DE METIERS ET DE L'ARTISANAT DE REGION CORSE;AMPARA POLE DE FORMATION ET D APPRENTISSAGE;94202116520;actif;responsable_formateur;Chemin de la Sposata 20090 Ajaccio;Corse;Corse;Oui;;cma;1;3;17/12/2021;6200739J;6200042B;6200739J;;;;;;;;;;;;;;;
13002801200040;0541548P;CHAMBRE DE METIERS ET DE L'ARTISANAT DE REGION GRAND EST;CMA 54 - CFA CEPAL;44570405157;actif;responsable_formateur;3 Rue de la Vezouze 54520 Laxou;Nancy-Metz;Grand Est;Oui;;cma;2;1;03/01/2022;0573802Y;0541548P;0573802Y;;;;;;;;;;;;;;;
18572204800153;0572201H;CHAMBRE METIERS ARTISANAT DE MOSELLE;CAMPUS DES METIERS DE MOSELLE;4157P001957;actif;responsable_formateur;5 boulevard de la défense 57070 Metz;Nancy-Metz;Grand Est;Oui;;cma;4;3;17/12/2021;0572201H;0572201H;0572726D;0572742W;;;;;;;;;;;;;;
18572204800138;0572201H;CHAMBRE METIERS ARTISANAT DE MOSELLE;;4157P001957;actif;responsable_formateur;5 boulevard de la défense 57070 Metz;Nancy-Metz;Grand Est;Oui;;cma;3;1;17/12/2021;0572201H;0572201H;0572726D;;;;;;;;;;;;;;;
18670223900085;0672521B;CHAMBRE DE METIERS D'ALSACE;CNFAFO CTRE FORM FACT ORGUES;4267P000267;actif;inconnue;21 Rue des Fusiliers Marins 67114 Eschau;Strasbourg;Grand Est;Oui;;cma;3;;17/12/2021;0672521B;0672521B;;;;;;;;;;;;;;;;
13002374000314;0022114M;CHAMBRE DE METIERS ET DE L'ARTISANAT DE REGION HAUTS-DE-FRANCE;CMA CHATEAU-THIERRY;32590946759;actif;formateur;Avenue des Vaucrises 02400 Château-Thierry;Amiens;Hauts-de-France;Oui;;cma;19;2;17/12/2021;0022114M;0022114M;;;;;;;;;;;;;;;;
13002374000454;0801298B;CHAMBRE DE METIERS ET DE L'ARTISANAT DE REGION HAUTS-DE-FRANCE;CMA AMIENS IREAM;32590946759;actif;formateur;33 Rue de Québec 80000 Amiens;Amiens;Hauts-de-France;Oui;;cma;19;2;17/12/2021;0801298B;0801298B;;;;;;;;;;;;;;;;
13002797200145;0772690F;CHAMBRE DE METIERS ET DE L'ARTISANAT DE REGION ILE-DE-FRANCE;CMA77 - IMA DU PAYS DE MONTEREAU;11756120375;actif;responsable_formateur;Saint-Germain-Laval;Créteil;Île-de-France;Oui;;cma;14;1;17/12/2021;0771018N;0771018N;0772690F;;;;;;;;;;;;;;;
13000583800011;9760484X;CHAMBRE DE METIERS ET DE L'ARTISANAT;;6970002697;actif;responsable_formateur;Impasse Maria 97600 Mamoudzou;Mayotte;Mayotte;Oui;;cma;;1;17/12/2021;9760484X;9760484X;;;;;;;;;;;;;;;;
13002792300338;0790924A;CHAMBRE DE METIERS ET DE L'ARTISANAT DE REGION NOUVELLE AQUITAINE;CAMPUS DES METIERS PARTHENAY;75331281433;actif;formateur;2 Rue Abrantes 79200 Parthenay;Poitiers;Nouvelle-Aquitaine;Oui;;cma;21;2;23/01/2023;;0333502C;0790924A;;;;;;;;;;;;;;;
13002793100216;0650593S;CHAMBRE DE METIERS ET DE L ARTISANAT DE LA REGION OCCITANIE PYRENEES-MEDITERRANEE;ECOLE DES METIERS DES HAUTES PYRENEES;76311030031;actif;responsable_formateur;1 Rue Pierre Latecoere 65000 Tarbes;Toulouse;Occitanie;Oui;;cma;15;1;17/12/2021;0650593S;0313056D;0650593S;;;;;;;;;;;;;;;
